keys,en,fr,zh,ja,ko,zh_TW,ru,pl,es,pt,de,tr,it
FANTASY_MOD_NAME,Sylvan Fantasy,Fantaisie sylvestre,幻界树海,シルヴァン・ファンタジー,실반 판타지,幻界樹海,Лесная фантазия,Leśna fantazja,Fantasía silvana,Fantasia silvestre,Waldfantasie,Orman Fantazisi,Fantasia silvestre
ZONE_FANTASY,Fantasy,Fantaisie,幻界,ファンタジー,판타지,幻界,Фэнтези,Fantazja,Fantasía,Fantasia,Fantasie,Fantazi,Fantasia
BG_FORESTLAND,Forestland,Contrée boisée,树海,森林地,삼림지,樹海,Лесные угодья,Leśna Kraina,Tierra forestal,Terra florestal,Waldland,Ormanlık,Terra boscosa
BG_FORESTLAND_NIGHT,Forestland-Night,Contrée boisée (nuit),树海-夜,森林地・夜,삼림지(밤),樹海-夜,Лесные угодья (ночь),Leśna Kraina (noc),Tierra forestal (noche),Terra florestal (noite),Waldland (Nacht),Ormanlık (gece),Terra boscosa (notte)
FANTASY_LOOTING_GOBLIN_NAME,Looting Goblin,Gobelin pilleur,搜刮哥布林,略奪ゴブリン,약탈 고블린,搜刮哥布林,Гоблин-грабитель,Goblin łupieżca,Duende saqueador,Goblin saqueador,Plündernder Goblin,Yağmacı goblin,Goblin saccheggiatore
FANTASY_LOOTING_GOBLIN_BEHAVIOUR_DESCRIPTION,"Runs around, drops a crate on death","Court dans tous les sens, lâche une caisse à la mort","四处奔跑,死亡时掉落一个箱子","走り回り,死亡時に木箱を落とす",뛰어다니다 죽으면 상자를 떨어뜨림,"四處奔跑,死亡時掉落一個箱子","Бегает повсюду, при смерти роняет ящик","Biega wszędzie, po śmierci upuszcza skrzynię","Corretea por ahí, al morir suelta una caja","Corre por aí, solta uma caixa ao morrer","Läuft herum, lässt beim Tod eine Kiste fallen","Ortalıkta koşar, öldüğünde sandık düşürür","Corre in giro, alla morte rilascia una cassa"
EVIL_MOB_FANTASY_NAME,Gobbler,Gobbeur,吞吞怪,ガブラー,걸신들린 괴물,吞吞怪,Пожиратель,Pożeracz,Devorador,Devorador,Schlinger,Yutucu,Divoratore
EVIL_MOB_FANTASY_BEHAVIOUR_DESCRIPTION,"Target materials to eat them, dealing damage on touch. Eating makes it grow.
Has 3% chance to spawn 10 seconds into a wave.

Mutation 0:
Fast but fragile. Killing it makes it drop all the materials it ate.

Mutation 1:
Loses speed but gains max HP. Killing it makes it drop twice the amount of materials it ate.

Mutation 2:
Loses more speed but gains even more max HP. Killing it makes it drop three times the amount of materials it ate.","Cible les matériaux pour les manger, infligeant des dégâts au contact. Manger le fait grandir.
A 3% de chances d'apparaître 10 secondes après le début d'une vague.

Mutation 0 :
Rapide mais fragile. Le tuer lui fait lâcher tous les matériaux qu'il a mangés.

Mutation 1 :
Perd de la vitesse mais gagne des PV max. Le tuer lui fait lâcher le double des matériaux mangés.

Mutation 2 :
Perd encore plus de vitesse mais gagne encore plus de PV max. Le tuer lui fait lâcher le triple des matériaux mangés.","瞄准并吞噬材料,接触时造成伤害.吞噬材料时会变大.
在每一波敌袭开始的10秒时有3%几率生成.

异变0:
迅速但脆弱.击杀时会掉落吞噬的所有材料.

异变1:
失去速度但获得最大生命.击杀时会掉落2倍吞噬的所有材料.

异变2:
失去更多速度但获得更多最大生命.击杀时会掉落3倍吞噬的所有材料.","材料を狙って食べ,接触でダメージ.食べると成長する.
波開始10秒後に3%の確率で出現.

変異0:
素早いが脆い.倒すと食べた材料をすべて落とす.

変異1:
速度が下がるが最大HPが増加.倒すと食べた材料の2倍を落とす.

変異2:
さらに速度が下がるが最大HPがさらに増加.倒すと食べた材料の3倍を落とす.","재료를 조준하여 먹고, 접촉 시 피해를 줍니다. 먹으면 성장합니다.
웨이브 시작 10초 후 3% 확률로 생성됩니다.

변이 0:
빠르지만 체력이 낮습니다. 처치하면 먹었던 재료를 모두 떨어뜨립니다.

변이 1:
속도가 감소하지만 최대 체력이 증가합니다. 처치하면 먹었던 재료의 2배를 떨어뜨립니다.

변이 2:
속도가 더 감소하지만 최대 체력이 더 증가합니다. 처치하면 먹었던 재료의 3배를 떨어뜨립니다.","瞄準並吞噬材料,接觸時造成傷害.吞噬材料時會變大.
在每一波敵襲開始的10秒時有3%機率生成.

異變0:
迅速但脆弱.擊殺時會掉落吞噬的所有材料.

異變1:
失去速度但獲得最大生命.擊殺時會掉落2倍吞噬的所有材料.

異變2:
失去更多速度但獲得更多最大生命.擊殺時會掉落3倍吞噬的所有材料.","Нацеливается на материалы, чтобы съесть их, нанося урон при касании. Поедание заставляет его расти.
Имеет 3% шанс появиться через 10 секунд после начала волны.

Мутация 0:
Быстрый, но хрупкий. При убийстве роняет все съеденные материалы.

Мутация 1:
Теряет скорость, но получает макс. ОЗ. При убийстве роняет удвоенное количество съеденных материалов.

Мутация 2:
Теряет ещё больше скорости, но получает ещё больше макс. ОЗ. При убийстве роняет утроенное количество съеденных материалов.","Celuje w materiały, by je zjeść, zadając obrażenia przy dotknięciu. Jedzenie powoduje wzrost.
Ma 3% szans na pojawienie się 10 sekund po rozpoczęciu fali.

Mutacja 0:
Szybki, ale kruchy. Zabicie go powoduje upuszczenie wszystkich zjedzonych materiałów.

Mutacja 1:
Traci prędkość, ale zyskuje maks. PŻ. Zabicie go powoduje upuszczenie podwójnej ilości zjedzonych materiałów.

Mutacja 2:
Traci więcej prędkości, ale zyskuje jeszcze więcej maks. PŻ. Zabicie go powoduje upuszczenie potrójnej ilości zjedzonych materiałów.","Apunta a los materiales para comerlos, infligiendo daño al contacto. Comer lo hace crecer.
Tiene un 3% de probabilidad de aparecer 10 segundos después de iniciar una oleada.

Mutación 0:
Rápido pero frágil. Matarlo hace que suelte todos los materiales que comió.

Mutación 1:
Pierde velocidad pero gana Vida Máx. Matarlo hace que suelte el doble de materiales comidos.

Mutación 2:
Pierde más velocidad pero gana aún más Vida Máx. Matarlo hace que suelte el triple de materiales comidos.","Mira os materiais para comê-los, causando dano ao toque. Comer o faz crescer.
Tem 3% de chance de surgir 10 segundos após o início de uma onda.

Mutação 0:
Rápido, mas frágil. Matá-lo faz com que solte todos os materiais que comeu.

Mutação 1:
Perde velocidade, mas ganha Vida Máx. Matá-lo faz com que solte o dobro dos materiais comidos.

Mutação 2:
Perde mais velocidade, mas ganha ainda mais Vida Máx. Matá-lo faz com que solte o triplo dos materiais comidos.","Zielt auf Materialien, um sie zu fressen, verursacht Schaden bei Berührung. Fressen lässt es wachsen.
Hat eine 3%ige Chance, 10 Sekunden nach Wellenbeginn zu erscheinen.

Mutation 0:
Schnell, aber zerbrechlich. Beim Tod lässt es alle gefressenen Materialien fallen.

Mutation 1:
Verliert Tempo, erhält aber max. LP. Beim Tod lässt es die doppelte Menge der gefressenen Materialien fallen.

Mutation 2:
Verliert mehr Tempo, erhält aber noch mehr max. LP. Beim Tod lässt es die dreifache Menge der gefressenen Materialien fallen.","Malzemeleri yemek için hedefler, temasla hasar verir. Yemek onu büyütür.
Dalga başladıktan 10 saniye sonra %3 ihtimalle ortaya çıkar.

Mutasyon 0:
Hızlı ama kırılgan. Öldürmek yediği tüm malzemeleri düşürmesini sağlar.

Mutasyon 1:
Hız kaybeder ama maks. can kazanır. Öldürmek yediği malzemelerin iki katını düşürmesini sağlar.

Mutasyon 2:
Daha fazla hız kaybeder ama daha da fazla maks. can kazanır. Öldürmek yediği malzemelerin üç katını düşürmesini sağlar.","Prende di mira i materiali per mangiarli, infliggendo danni al contatto. Mangiare lo fa crescere.
Ha il 3% di probabilità di apparire 10 secondi dopo l'inizio di un'ondata.

Mutazione 0:
Veloce ma fragile. Ucciderlo gli fa rilasciare tutti i materiali mangiati.

Mutazione 1:
Perde velocità ma guadagna PV massimi. Ucciderlo gli fa rilasciare il doppio dei materiali mangiati.

Mutazione 2:
Perde ancora più velocità ma guadagna ancora più PV massimi. Ucciderlo gli fa rilasciare il triplo dei materiali mangiati."
FANTASY_LITTLE_SLIME_NAME,Small Slime,Petit slime,小史莱姆,スモールスライム,작은 슬라임,小史萊姆,Малый слизень,Mały szlam,Slime pequeño,Slime pequeno,Kleiner Schleim,Küçük slime,Slime piccolo
FANTASY_LITTLE_SLIME_BEHAVIOUR_DESCRIPTION,Slowly pursues the player,Poursuit lentement le joueur,缓慢追击玩家,ゆっくりプレイヤーを追跡する,플레이어를 천천히 추적합니다,緩慢追擊玩家,Медленно преследует игрока,Powoli ściga gracza,Persigue lentamente al jugador,Persegue lentamente o jogador,Verfolgt den Spieler langsam,Oyuncuyu yavaşça takip eder,Insegue lentamente il giocatore
FANTASY_MEDIUM_SLIME_NAME,Medium Slime,Slime moyen,中史莱姆,ミディアムスライム,중간 슬라임,中史萊姆,Средний слизень,Średni szlam,Slime mediano,Slime médio,Mittlerer Schleim,Orta slime,Slime medio
FANTASY_MEDIUM_SLIME_BEHAVIOUR_DESCRIPTION,Drops only gathered materials. Slowly pursues the player. Summons 1 small slime per second. Splits into 3 small slimes upon death. Evolves after 24 instances of either non-slime enemies dying or materials being picked up within a 150-unit range,Lâche uniquement les matériaux ramassés. Poursuit lentement le joueur. Invoque 1 petit slime par seconde. Se divise en 3 petits slimes à la mort. Évolue après 24 occurrences de morts d'ennemis non-slime ou de ramassage de matériaux dans un rayon de 150 unités,"仅掉落拾取的材料,缓慢追击玩家,每秒召唤1个小史莱姆,死亡时分裂成3个小史莱姆,150范围内死亡的非史莱姆系敌人与其拾取的材料之和达到24个则进化",拾得した素材のみを落とす.ゆっくりプレイヤーを追跡.毎秒1体のスモールスライムを召喚.死亡時に3体のスモールスライムに分裂.150ユニット範囲内で非スライム敵の死亡または素材の拾得が24回発生すると進化,획득한 재료만 떨어뜨립니다. 플레이어를 천천히 추적합니다. 매 초 작은 슬라임을 1마리 소환합니다. 사망 시 3마리의 작은 슬라임으로 분열합니다. 150 범위 내에서 비슬라임 적 사망 또는 재료 획득이 24회 발생하면 진화합니다,"僅掉落拾取的材料,緩慢追擊玩家,每秒召喚1個小史萊姆,死亡時分裂成3個小史萊姆,150範圍內死亡的非史萊姆系敵人與其拾取的材料之和達到24個則進化",Роняет только собранные материалы. Медленно преследует игрока. Призывает 1 малого слизня в секунду. При смерти разделяется на 3 малых слизней. Эволюционирует после 24 событий смерти не-слизней или подбора материалов в радиусе 150 единиц,Upuszcza tylko zebrane materiały. Powoli ściga gracza. Co sekundę przywołuje 1 małego szlama. Przy śmierci dzieli się na 3 małe szlamy. Ewoluuje po 24 przypadkach śmierci przeciwników niebędących szlamami lub zebrania materiałów w zasięgu 150 jednostek,Suelta solo los materiales recogidos. Persigue lentamente al jugador. Invoca 1 slime pequeño por segundo. Se divide en 3 slimes pequeños al morir. Evoluciona tras 24 instancias de muertes de enemigos no slime o recogida de materiales en un radio de 150 unidades,Solta apenas os materiais coletados. Persegue lentamente o jogador. Invoca 1 slime pequeno por segundo. Divide-se em 3 slimes pequenos ao morrer. Evolui após 24 ocorrências de mortes de inimigos não slime ou coleta de materiais em um raio de 150 unidades,Lässt nur gesammelte Materialien fallen. Verfolgt den Spieler langsam. Beschwört 1 kleinen Schleim pro Sekunde. Teilt sich beim Tod in 3 kleine Schleime. Entwickelt sich nach 24 Vorkommnissen von getöteten Nicht-Schleim-Gegnern oder aufgesammelten Materialien in einem Umkreis von 150 Einheiten,Yalnızca toplanan malzemeleri düşürür. Oyuncuyu yavaşça takip eder. Saniyede 1 küçük slime çağırır. Öldüğünde 3 küçük slime'a bölünür. 150 birim menzil içinde balçık olmayan düşman ölümleri veya malzeme toplamanın 24 kez gerçekleşmesinden sonra evrimleşir,Lascia cadere solo i materiali raccolti. Insegue lentamente il giocatore. Evoca 1 slime piccolo al secondo. Si divide in 3 slime piccoli alla morte. Si evolve dopo 24 occorrenze di nemici non slime uccisi o materiali raccolti entro un raggio di 150 unità
FANTASY_BIG_SLIME_NAME,Big Slime,Gros slime,大史莱姆,ビッグスライム,큰 슬라임,大史萊姆,Большой слизень,Duży szlam,Slime grande,Slime grande,Großer Schleim,Büyük slime,Slime grande
FANTASY_BIG_SLIME_BEHAVIOUR_DESCRIPTION,"No materials drop, slowly chases the player, summons 3 small slimes per second, splits into 2 medium slimes upon death, leaves a trail of slime residue lasting 5 seconds each second, slows player by 50% on contact","Ne lâche aucun matériau, poursuit lentement le joueur, invoque 3 petits slimes par seconde, se divise en 2 slimes moyens à la mort, laisse une traînée de résidu gluant durant 5 secondes chaque seconde, ralentit le joueur de 50% au contact","不掉落材料,缓慢追击玩家,每秒召唤3个小史莱姆,死亡时分裂成2个中史莱姆,每秒留下持续5秒的史莱姆粘液痕迹,玩家触碰时被减速50%","素材を落とさず,ゆっくりプレイヤーを追跡.毎秒3体のスモールスライムを召喚.死亡時に2体のミディアムスライムに分裂.毎秒持続5秒のスライム粘液の跡を残し,接触でプレイヤーを50%減速","재료를 떨어뜨리지 않고, 플레이어를 천천히 추적하며, 매 초 작은 슬라임 3마리를 소환하고, 사망 시 중간 슬라임 2마리로 분열하며, 매 초 5초간 지속되는 슬라임 잔여물 흔적을 남기고, 접촉 시 플레이어를 50% 감속시킵니다","不掉落材料,緩慢追擊玩家,每秒召喚3個小史萊姆,死亡時分裂成2個中史萊姆,每秒留下持續5秒的史萊姆黏液痕跡,玩家觸碰時被減速50%","Не роняет материалы, медленно преследует игрока, призывает 3 малых слизней в секунду, при смерти разделяется на 2 средних слизней, каждую секунду оставляет след из слизи длительностью 5 секунд, замедляет игрока на 50% при касании","Nie upuszcza materiałów, powoli ściga gracza, co sekundę przywołuje 3 małe szlamy, przy śmierci dzieli się na 2 średnie szlamy, co sekundę pozostawia ślad szlamu trwający 5 sekund, spowalnia gracza o 50% przy kontakcie","No suelta materiales, persigue lentamente al jugador, invoca 3 slimes pequeños por segundo, se divide en 2 slimes medianos al morir, deja un rastro de residuo de slime que dura 5 segundos cada segundo, ralentiza al jugador un 50% al contacto","Não solta materiais, persegue lentamente o jogador, invoca 3 slimes pequenos por segundo, divide-se em 2 slimes médios ao morrer, deixa um rastro de resíduo de slime que dura 5 segundos a cada segundo, reduz a velocidade do jogador em 50% ao contato","Lässt keine Materialien fallen, verfolgt den Spieler langsam, beschwört 3 kleine Schleime pro Sekunde, teilt sich beim Tod in 2 mittlere Schleime, hinterlässt jede Sekunde eine Schleimspur mit 5 Sekunden Dauer, verlangsamt den Spieler bei Kontakt um 50%","Malzeme düşürmez, oyuncuyu yavaşça kovalar, saniyede 3 küçük slime çağırır, öldüğünde 2 orta slime'a bölünür, her saniye 5 saniye süren slime kalıntısı izi bırakır, temasla oyuncuyu %50 yavaşlatır","Non lascia cadere materiali, insegue lentamente il giocatore, evoca 3 slime piccoli al secondo, si divide in 2 slime medi alla morte, lascia una scia di residuo di slime che dura 5 secondi ogni secondo, rallenta il giocatore del 50% al contatto"
FANTASY_SLIME_KING_NAME,Slime King,Roi slime,史莱姆王,スライムキング,슬라임 킹,史萊姆王,Король слизней,Król szlamów,Rey Slime,Rei Slime,Schleimkönig,Slime Kralı,Re Slime
FANTASY_SLIME_KING_BEHAVIOUR_DESCRIPTION,"Mutation 0:
Slowly pursues the player. Every 3 seconds, it summons 3 Medium Slimes; every 5 seconds, it summons 1 Large Slime. Every 0.5 seconds, it leaves behind a Slime Trail that lasts for 10 seconds. Players who touch the trail are slowed by 50%.

Mutation 1 (50% HP / 35 s)
Builds upon Mutation 0. Additionally, it performs a long-distance dash toward the player every 5 seconds.","Mutation 0 :
Poursuit lentement le joueur. Toutes les 3 secondes, il invoque 3 Slimes moyens ; toutes les 5 secondes, il invoque 1 Grand Slime. Toutes les 0,5 seconde, il laisse derrière lui une traînée de slime pendant 10 secondes. Les joueurs qui touchent la traînée sont ralentis de 50%.

Mutation 1 (50% PV / 35 s) :
S'appuie sur la Mutation 0. De plus, il effectue une ruée à longue distance vers le joueur toutes les 5 secondes.","异变0:
缓慢追击玩家,每3秒召唤3个中史莱姆,每5秒召唤1个大史莱姆,每0.5秒留下持续10秒的史莱姆粘液痕迹,玩家触碰时被减速50%

异变1 (50%生命 / 35秒):
在异变0的基础上,每5秒向玩家长距离冲刺","変異0:
ゆっくりとプレイヤーを追跡する.3秒ごとにミディアムスライムを3体,5秒ごとにラージスライムを1体召喚する.0.5秒ごとに持続10秒のスライムの跡を残し,触れたプレイヤーを50%減速させる.

変異1 (HP50% / 35秒):
変異0に加え,5秒ごとにプレイヤーに向かって長距離ダッシュを行う.","변이 0:
플레이어를 천천히 추적합니다. 3초마다 중간 슬라임 3마리를, 5초마다 큰 슬라임 1마리를 소환합니다. 0.5초마다 10초간 지속되는 슬라임 흔적을 남기며, 흔적에 닿은 플레이어는 50% 감속됩니다.

변이 1 (체력 50% / 35초):
변이 0에 더해, 5초마다 플레이어를 향해 장거리 돌진을 합니다.","異變0:
緩慢追擊玩家,每3秒召喚3個中史萊姆,每5秒召喚1個大史萊姆,每0.5秒留下持續10秒的史萊姆黏液痕跡,玩家觸碰時被減速50%

異變1 (50%生命 / 35秒):
在異變0的基礎上,每5秒向玩家進行長距離衝刺","Мутация 0:
Медленно преследует игрока. Каждые 3 секунды призывает 3 Средних слизней; каждые 5 секунд — 1 Большого слизня. Каждые 0,5 секунды оставляет След из слизи на 10 секунд. Игроки, коснувшиеся следа, замедляются на 50%.

Мутация 1 (50% ОЗ / 35 с):
Основывается на Мутации 0. Дополнительно совершает длинный рывок к игроку каждые 5 секунд.","Mutacja 0:
Powoli ściga gracza. Co 3 sekundy przywołuje 3 Średnie szlamy; co 5 sekund przywołuje 1 Dużego szlama. Co 0,5 sekundy pozostawia Ślad szlamu trwający 10 sekund. Gracze, którzy go dotkną, są spowalniani o 50%.

Mutacja 1 (50% PŻ / 35 s):
Opiera się na Mutacji 0. Dodatkowo co 5 sekund wykonuje daleki doskok w kierunku gracza.","Mutación 0:
Persigue lentamente al jugador. Cada 3 segundos invoca 3 Slimes medianos; cada 5 segundos invoca 1 Slime grande. Cada 0.5 segundos deja un Rastro de slime que dura 10 segundos. Los jugadores que tocan el rastro son ralentizados un 50%.

Mutación 1 (50% Vida / 35 s):
Se basa en la Mutación 0. Además, realiza una embestida de larga distancia hacia el jugador cada 5 segundos.","Mutação 0:
Persegue lentamente o jogador. A cada 3 segundos, invoca 3 Slimes Médios; a cada 5 segundos, invoca 1 Slime Grande. A cada 0,5 segundo, deixa um Rastro de Slime que dura 10 segundos. Jogadores que tocam o rastro são lentificados em 50%.

Mutação 1 (50% PV / 35 s):
Baseia-se na Mutação 0. Além disso, realiza uma investida de longa distância contra o jogador a cada 5 segundos.","Mutation 0:
Verfolgt den Spieler langsam. Alle 3 Sekunden beschwört es 3 Mittlere Schleime; alle 5 Sekunden beschwört es 1 Großen Schleim. Alle 0,5 Sekunden hinterlässt es eine Schleimspur mit 10 Sekunden Dauer. Spieler, die die Spur berühren, werden um 50% verlangsamt.

Mutation 1 (50% LP / 35 s):
Baut auf Mutation 0 auf. Führt zusätzlich alle 5 Sekunden einen weiten Sturmangriff auf den Spieler aus.","Mutasyon 0:
Oyuncuyu yavaşça takip eder. Her 3 saniyede 3 Orta Slime; her 5 saniyede 1 Büyük Slime çağırır. Her 0,5 saniyede 10 saniye süren bir Slime İzi bırakır. İze temas eden oyuncular %50 yavaşlar.

Mutasyon 1 (%50 Can / 35 sn):
Mutasyon 0'ın üzerine kuruludur. Ek olarak her 5 saniyede bir oyuncuya doğru uzun menzilli bir atılma gerçekleştirir.","Mutazione 0:
Insegue lentamente il giocatore. Ogni 3 secondi evoca 3 Slime medi; ogni 5 secondi evoca 1 Slime grande. Ogni 0,5 secondi lascia una Scia di slime che dura 10 secondi. I giocatori che toccano la scia vengono rallentati del 50%.

Mutazione 1 (50% PV / 35 s):
Si basa sulla Mutazione 0. Inoltre, effettua uno scatto a lunga distanza verso il giocatore ogni 5 secondi."
FANTASY_UNICORN_RABBIT_NAME,Unicorn Rabbit,Lapin licorne,独角兔,ユニコーンラビット,유니콘 토끼,獨角兔,Кролик-единорог,Króliczy jednorożec,Conejo unicornio,Coelho unicórnio,Einhornhase,Unicorn Tavşan,Coniglio unicorno
FANTASY_UNICORN_RABBIT_BEHAVIOUR_DESCRIPTION,"Chases the character, deals damage on touch","Poursuit le personnage, inflige des dégâts au contact","追逐角色, 接触时造成伤害","キャラクターを追跡し,接触でダメージを与える","캐릭터를 쫓아가며, 접촉 시 피해를 줍니다","追逐角色,接觸時造成傷害","Преследует персонажа, наносит урон при касании","Goni postać, zadaje obrażenia przy dotknięciu","Persigue al personaje, inflige daño al contacto","Persegue o personagem, causa dano ao toque","Verfolgt den Charakter, verursacht Schaden bei Berührung","Karakteri kovalar, temasla hasar verir","Insegue il personaggio, infligge danni al contatto"
FANTASY_WOLF_NAME,Wolf,Loup,狼,ウルフ,늑대,狼,Волк,Wilk,Lobo,Lobo,Wolf,Kurt,Lupo
FANTASY_WOLF_BEHAVIOUR_DESCRIPTION,"Chases the character, dashes toward them every 0.75 seconds","Poursuit le personnage, fonce vers lui toutes les 0,75 seconde","追逐角色, 每0.75秒向角色冲刺","キャラクターを追跡し,0.75秒ごとにダッシュする","캐릭터를 쫓아가며, 0.75초마다 돌진합니다","追逐角色,每0.75秒向角色衝刺","Преследует персонажа, совершает рывок к нему каждые 0,75 секунды","Goni postać, co 0,75 sekundy wykonuje doskok","Persigue al personaje, se abalanza hacia él cada 0.75 segundos","Persegue o personagem, avança sobre ele a cada 0,75 segundos","Verfolgt den Charakter, stürmt alle 0,75 Sekunden auf ihn zu","Karakteri kovalar, her 0,75 saniyede bir ona doğru atılır","Insegue il personaggio, scatta verso di lui ogni 0,75 secondi"
FANTASY_FLOWER_SPIRIT_NAME,Flower Spirit,Esprit fleur,花妖,フラワースピリット,꽃령,花妖,Цветочный дух,Kwiatowy duch,Espíritu floral,Espírito flor,Blumengeist,Çiçek Ruhu,Spirito dei fiori
FANTASY_FLOWER_SPIRIT_BEHAVIOUR_DESCRIPTION,"Cannot move, will be attacked by lootworm,fires a laser toward the player every 3 seconds with a 1-second warning","Ne peut pas se déplacer, sera attaqué par le ver pillard, tire un laser vers le joueur toutes les 3 secondes avec un avertissement d'1 seconde","无法移动, 会被搜刮虫虫攻击, 每3秒朝玩家方向发射拥有1秒预警的激光","移動できず,ルートワームに攻撃される.3秒ごとに1秒の予兆とともにプレイヤーに向けてレーザーを発射する","이동할 수 없으며, 약탈벌레에게 공격받습니다. 3초마다 1초의 경고와 함께 플레이어를 향해 레이저를 발사합니다","無法移動,會被搜刮蟲蟲攻擊,每3秒朝玩家方向發射擁有1秒預警的雷射","Не может двигаться, будет атакован червем-грабителем, стреляет лазером в игрока каждые 3 секунды с предупреждением за 1 секунду","Nie może się poruszać, zostanie zaatakowany przez łupieżczego robaka, co 3 sekundy strzela laserem w kierunku gracza z 1-sekundowym ostrzeżeniem","No puede moverse, será atacado por el gusano saqueador, dispara un láser hacia el jugador cada 3 segundos con 1 segundo de advertencia","Não pode se mover, será atacado pelo verme saqueador, dispara um laser na direção do jogador a cada 3 segundos com um aviso de 1 segundo","Kann sich nicht bewegen, wird vom Plünderwurm angegriffen, feuert alle 3 Sekunden mit einer 1-sekündigen Warnung einen Laser auf den Spieler","Hareket edemez, yağmacı kurt tarafından saldırıya uğrar, 1 saniyelik uyarıyla her 3 saniyede bir oyuncuya lazer ateşler","Non può muoversi, verrà attaccato dal verme saccheggiatore, spara un laser verso il giocatore ogni 3 secondi con un preavviso di 1 secondo"
FANTASY_SNAKE_NAME,Snake,Serpent,蛇,スネーク,뱀,蛇,Змея,Wąż,Serpiente,Serpente,Schlange,Yılan,Serpente
FANTASY_SNAKE_BEHAVIOUR_DESCRIPTION,"Winds forward toward the character, dashing toward them every second","Serpente vers le personnage, fonçant sur lui chaque seconde","蜿蜒前行靠近角色, 每秒向角色冲刺","キャラクターに向かって蛇行しながら進み,毎秒ダッシュする","캐릭터를 향해 구불구불 이동하며, 매 초 돌진합니다","蜿蜒前行靠近角色,每秒向角色衝刺","Извиваясь, движется к персонажу, каждый секунду совершая рывок","Wije się w kierunku postaci, co sekundę doskakując","Serpentea hacia el personaje, abalanzándose sobre él cada segundo","Serpenteia em direção ao personagem, avançando a cada segundo","Schlängelt sich auf den Charakter zu, stürmt jede Sekunde auf ihn zu","Karaktere doğru kıvrılarak ilerler, her saniye ona atılır","Serpeggia verso il personaggio, scattando ogni secondo"
FANTASY_SWIFT_WOLF_NAME,Swift Wolf,Loup véloce,疾风狼,スイフトウルフ,질풍 늑대,疾風狼,Быстрый волк,Szybki wilk,Lobo veloz,Lobo veloz,Schneller Wolf,Çevik Kurt,Lupo veloce
FANTASY_SWIFT_WOLF_BEHAVIOUR_DESCRIPTION,"Hunt the character, charging toward them rapidly every 0.5 seconds","Traque le personnage, chargeant rapidement vers lui toutes les 0,5 seconde","围猎角色, 每0.5秒快速冲向角色","キャラクターを狩り,0.5秒ごとに高速で突進する","캐릭터를 사냥하며, 0.5초마다 빠르게 돌진합니다","圍獵角色,每0.5秒快速衝向角色","Охотится на персонажа, быстро бросаясь на него каждые 0,5 секунды","Poluje na postać, szarżując szybko co 0,5 sekundy","Acecha al personaje, cargando rápidamente hacia él cada 0.5 segundos","Caça o personagem, investindo rapidamente a cada 0,5 segundos","Jagt den Charakter, stürmt alle 0,5 Sekunden schnell auf ihn zu","Karakteri avlar, her 0,5 saniyede bir hızla üzerine atılır","Caccia il personaggio, caricando rapidamente ogni 0,5 secondi"
FANTASY_GOBLIN_JAVELIN_THROWER_NAME,Goblin Javelin Thrower,Gobelin lanceur de javelot,哥布林标枪手,ゴブリンジャベリン投げ,고블린 투창병,哥布林標槍手,Гоблин-копейщик,Goblin miotacz oszczepów,Duende lanzador de jabalina,Goblin lançador de dardo,Goblin-Speerwerfer,Goblin Cirit Atıcı,Goblin lanciatore di giavellotto
FANTASY_GOBLIN_JAVELIN_THROWER_BEHAVIOUR_DESCRIPTION,"Runs away if the player is too close, Fires a slow projectile that may directly target the player or somewhere near","Fuit si le joueur est trop proche, tire un projectile lent ciblant directement le joueur ou à proximité","太接近时逃离角色, 发射一个可能瞄准玩家也可能瞄准玩家附近的缓慢投射物","プレイヤーが近づきすぎると逃げ出し,プレイヤーまたはその近くを狙う遅い投射物を発射する","플레이어가 너무 가까우면 도망가며, 플레이어나 그 주변을 직접 조준할 수 있는 느린 투사체를 발사합니다","太接近時逃離角色,發射一個可能瞄準玩家也可能瞄準玩家附近的緩慢投射物","Убегает, если игрок слишком близко, выпускает медленный снаряд, целясь прямо в игрока или рядом с ним","Ucieka, gdy gracz jest zbyt blisko, wystrzeliwuje wolny pocisk, który może celować bezpośrednio w gracza lub gdzieś w pobliżu","Huye si el jugador está demasiado cerca, dispara un proyectil lento que puede apuntar directamente al jugador o a algún lugar cercano","Foge se o jogador estiver muito perto, dispara um projétil lento que pode mirar diretamente no jogador ou em algum lugar próximo","Läuft weg, wenn der Spieler zu nahe ist, feuert ein langsames Projektil, das direkt auf den Spieler oder in die Nähe zielen kann","Oyuncu çok yakınsa kaçar, doğrudan oyuncuyu veya yakınını hedef alabilen yavaş bir mermi ateşler","Scappa se il giocatore è troppo vicino, spara un proiettile lento che può mirare direttamente al giocatore o nelle vicinanze"
FANTASY_GOBLIN_PRIEST_NAME,Goblin Priest,Prêtre gobelin,哥布林祭司,ゴブリンプリースト,고블린 사제,哥布林祭司,Гоблин-жрец,Goblin kapłan,Sacerdote duende,Goblin sacerdote,Goblin-Priester,Goblin Rahibi,Goblin sacerdote
FANTASY_GOBLIN_PRIEST_BEHAVIOUR_DESCRIPTION,"Runs away from the character, Heals enemies around it for 50(increasing by 5 each wave), Buffs other enemies' health by 75%, damage by 12%, and speed by 25%.Buffed enemies are outlined in red.","Fuit le personnage, soigne les ennemis alentour de 50 (augmente de 5 par vague), améliore les PV des autres ennemis de 75%, leurs dégâts de 12% et leur vitesse de 25%. Les ennemis améliorés sont cerclés de rouge.","逃离角色, 治疗周围的敌人50生命(每波敌袭增加5), 强化其他敌人生命值75%,伤害12%,速度25%,被强化的敌人会有红色轮廓","キャラクターから逃げ出し,周囲の敵のHPを50回復する(波ごとに5増加).他の敵のHPを75%,ダメージを12%,速度を25%強化する.強化された敵は赤く縁取られる.","캐릭터로부터 도망가며, 주변 적의 체력을 50 회복합니다(웨이브마다 5 증가). 다른 적의 체력을 75%, 피해를 12%, 속도를 25% 강화합니다. 강화된 적은 붉은 윤곽선으로 표시됩니다.","逃離角色,治療周圍的敵人50生命(每波敵襲增加5),強化其他敵人生命值75%,傷害12%,速度25%,被強化的敵人會有紅色輪廓","Убегает от персонажа, лечит окружающих врагов на 50 (увеличивается на 5 за волну), усиливает других врагов: здоровье на 75%, урон на 12%, скорость на 25%. Усиленные враги обведены красным.","Ucieka od postaci, leczy wrogów wokół o 50 (zwiększa się o 5 co falę), wzmacnia innych wrogów: zdrowie o 75%, obrażenia o 12%, prędkość o 25%. Wzmocnieni wrogowie są obrysowani na czerwono.","Huye del personaje, cura 50 de vida a los enemigos alrededor (aumenta en 5 por oleada), mejora la salud de otros enemigos en un 75%, el daño en un 12% y la velocidad en un 25%. Los enemigos mejorados se perfilan en rojo.","Foge do personagem, cura 50 de vida dos inimigos ao redor (aumentando em 5 a cada onda), fortalece a saúde de outros inimigos em 75%, dano em 12% e velocidade em 25%. Inimigos fortalecidos são contornados em vermelho.","Läuft vor dem Charakter weg, heilt umstehende Gegner um 50 (steigt jede Welle um 5), verstärkt die LP anderer Gegner um 75%, Schaden um 12% und Tempo um 25%. Verstärkte Gegner sind rot umrandet.","Karakterden kaçar, etrafındaki düşmanları 50 iyileştirir (her dalgada 5 artar), diğer düşmanların canını %75, hasarını %12 ve hızını %25 artırır. Güçlendirilmiş düşmanlar kırmızıyla belirtilir.","Scappa dal personaggio, cura i nemici circostanti di 50 (aumenta di 5 a ogni ondata), potenzia la salute degli altri nemici del 75%, i danni del 12% e la velocità del 25%. I nemici potenziati sono contornati di rosso."
FANTASY_TREE_SPIRIT_NAME,Tree Spirit,Esprit arbre,树妖,ツリースピリット,나무령,樹妖,Древесный дух,Duch drzewa,Espíritu arbóreo,Espírito árvore,Baumgeist,Ağaç Ruhu,Spirito dell'albero
FANTASY_TREE_SPIRIT_BEHAVIOUR_DESCRIPTION,"Cannot move, will be attacked by lootworm, fires a winding bullet cluster consisting of 24 bullets toward the player.","Ne peut pas se déplacer, sera attaqué par le ver pillard, tire un groupe de projectiles sinueux composé de 24 balles vers le joueur.","无法移动, 会被搜刮虫虫攻击, 朝玩家方向发射一个由24个子弹构成的蜿蜒子弹群","移動できず,ルートワームに攻撃される.24発の弾からなる蛇行する弾幕をプレイヤーに向けて発射する.","이동할 수 없으며, 약탈벌레에게 공격받습니다. 24개의 탄환으로 구성된 구불구불한 탄막을 플레이어를 향해 발사합니다.","無法移動,會被搜刮蟲蟲攻擊,朝玩家方向發射一個由24個子彈構成的蜿蜒子彈群","Не может двигаться, будет атакован червем-грабителем, стреляет извивающимся сгустком из 24 пуль в сторону игрока.","Nie może się poruszać, zostanie zaatakowany przez łupieżczego robaka, wystrzeliwuje w kierunku gracza wijącą się grupę 24 pocisków.","No puede moverse, será atacado por el gusano saqueador, dispara un grupo de proyectiles serpenteante de 24 balas hacia el jugador.","Não pode se mover, será atacado pelo verme saqueador, dispara um aglomerado sinuoso de 24 projéteis na direção do jogador.","Kann sich nicht bewegen, wird vom Plünderwurm angegriffen, feuert ein sich schlängelndes Geschossbündel aus 24 Kugeln auf den Spieler.","Hareket edemez, yağmacı kurt tarafından saldırıya uğrar, oyuncuya doğru 24 mermiden oluşan kıvrımlı bir mermi kümesi ateşler.","Non può muoversi, verrà attaccato dal verme saccheggiatore, spara un gruppo sinuoso di 24 proiettili verso il giocatore."
FANTASY_SKELETON_SWORDSMAN_NAME,Skeleton Swordsman,Épéiste squelette,骷髅剑士,スケルトンソードマン,해골 검사,骷髏劍士,Скелет-мечник,Szkielet szermierz,Esqueleto espadachín,Esqueleto espadachim,Skelett-Schwertkämpfer,İskelet Kılıç Ustası,Guerriero scheletro con spada
FANTASY_SKELETON_SWORDSMAN_BEHAVIOUR_DESCRIPTION,"Chases the player, briefly pauses before attacking, and attempts to slash nearby players once per second.","Poursuit le joueur, marque une brève pause avant d'attaquer, et tente de tailler les joueurs proches une fois par seconde.","追击玩家, 每秒试图挥砍周围的玩家, 攻击前会短暂静止","プレイヤーを追跡し,攻撃前に短く停止し,近くのプレイヤーを毎秒1回斬りつけようとする.","플레이어를 쫓아가며, 공격 전 잠시 멈추고, 근처 플레이어를 1초에 한 번 베려고 시도합니다.","追擊玩家,每秒試圖揮砍周圍的玩家,攻擊前會短暫靜止","Преследует игрока, ненадолго останавливается перед атакой, пытается рубить ближайших игроков раз в секунду.","Goni gracza, robi krótką pauzę przed atakiem i próbuje ciąć pobliskich graczy raz na sekundę.","Persigue al jugador, hace una breve pausa antes de atacar e intenta acuchillar a los jugadores cercanos una vez por segundo.","Persegue o jogador, faz uma breve pausa antes de atacar e tenta golpear jogadores próximos uma vez por segundo.","Verfolgt den Spieler, pausiert kurz vor dem Angriff und versucht, nahe Spieler einmal pro Sekunde zu schlitzen.","Oyuncuyu kovalar, saldırmadan önce kısa süre durur ve yakındaki oyuncuları saniyede bir kez kesmeye çalışır.","Insegue il giocatore, fa una breve pausa prima di attaccare e tenta di colpire con un fendente i giocatori vicini una volta al secondo."
FANTASY_SKELETON_ARCHER_NAME,Skeleton Archer,Archer squelette,骷髅弓手,スケルトンアーチャー,해골 궁수,骷髏弓手,Скелет-лучник,Szkielet łucznik,Esqueleto arquero,Esqueleto arqueiro,Skelett-Bogenschütze,İskelet Okçu,Arciere scheletro
FANTASY_SKELETON_ARCHER_BEHAVIOUR_DESCRIPTION,"Chases the player and fires an arrow toward them. This arrow summons smaller arrows on both perpendicular sides, which automatically disappear.","Poursuit le joueur et lui tire une flèche. Cette flèche fait apparaître de plus petites flèches sur ses deux côtés perpendiculaires, qui disparaissent automatiquement.","追击玩家, 朝玩家发射箭矢, 该箭矢可在两侧垂直方向召唤自动消失的小箭矢","プレイヤーを追跡し,矢を放つ.この矢は両側の垂直方向に小さな矢を召喚し,それらは自動的に消える.","플레이어를 쫓아가며 화살을 발사합니다. 이 화살은 양쪽 수직 방향으로 작은 화살을 소환하며, 이는 자동으로 사라집니다.","追擊玩家,朝玩家發射箭矢,該箭矢可在兩側垂直方向召喚自動消失的小箭矢","Преследует игрока и стреляет в него стрелой. Эта стрела вызывает маленькие стрелы по обеим перпендикулярным сторонам, которые автоматически исчезают.","Goni gracza i wystrzeliwuje w niego strzałę. Ta strzała przywołuje mniejsze strzały po obu prostopadłych bokach, które automatycznie znikają.","Persigue al jugador y le dispara una flecha. Esta flecha invoca flechas más pequeñas en ambos lados perpendiculares, que desaparecen automáticamente.","Persegue o jogador e dispara uma flecha contra ele. Esta flecha invoca flechas menores em ambos os lados perpendiculares, que desaparecem automaticamente.","Verfolgt den Spieler und feuert einen Pfeil auf ihn. Dieser Pfeil ruft auf beiden senkrechten Seiten kleinere Pfeile hervor, die automatisch verschwinden.","Oyuncuyu kovalar ve ona ok atar. Bu ok, dik açılarla her iki yanda kendiliğinden kaybolan daha küçük oklar çağırır.","Insegue il giocatore e gli scocca una freccia. Questa freccia evoca frecce più piccole su entrambi i lati perpendicolari, che scompaiono automaticamente."
FANTASY_MAPLE_WOLF_NAME,Maple Wolf,Loup érable,枫狼,メイプルウルフ,단풍 늑대,楓狼,Кленовый волк,Klonowy wilk,Lobo arce,Lobo de bordo,Ahornwolf,Akçaağaç Kurdu,Lupo d'acero
FANTASY_MAPLE_WOLF_BEHAVIOUR_DESCRIPTION,"Maintain a certain distance while chasing the player, dash toward any player within range, and fire a maple-leaf-shaped bullet cluster consisting of six bullets.","Garde une certaine distance en poursuivant le joueur, fonce vers tout joueur à portée, et tire un groupe de balles en forme de feuille d'érable composé de six projectiles.","保持一定距离追击玩家, 冲向范围内玩家, 并产生由6个刀光构成的枫叶状刀光群","プレイヤーを追跡中は一定の距離を保ち,範囲内のプレイヤーにダッシュし,6つの弾で構成されるカエデの葉形の弾幕を発射する.","플레이어를 추적하는 동안 일정 거리를 유지하며, 범위 내 플레이어에게 돌진하고, 6개의 탄환으로 구성된 단풍잎 모양의 탄막을 발사합니다.","保持一定距離追擊玩家,衝向範圍內玩家,並產生由6個刀光構成的楓葉狀刀光群","Держится на определённом расстоянии, преследуя игрока, бросается на любого игрока в радиусе и выпускает группу пуль в форме кленового листа, состоящую из шести снарядов.","Utrzymuje pewien dystans podczas pościgu za graczem, doskakuje do dowolnego gracza w zasięgu i wystrzeliwuje grupę pocisków w kształcie liścia klonu, składającą się z sześciu kul.","Mantiene cierta distancia mientras persigue al jugador, se abalanza sobre cualquier jugador dentro del alcance y dispara un grupo de balas en forma de hoja de arce compuesto por seis proyectiles.","Mantém certa distância enquanto persegue o jogador, avança sobre qualquer jogador no alcance e dispara um aglomerado de projéteis em forma de folha de bordo composto por seis disparos.","Hält beim Verfolgen des Spielers einen gewissen Abstand, stürmt auf jeden Spieler in Reichweite zu und feuert ein ahornblattförmiges Geschossbündel aus sechs Kugeln ab.","Oyuncuyu kovalarken belirli bir mesafeyi korur, menzildeki herhangi bir oyuncuya atılır ve altı mermiden oluşan akçaağaç yaprağı şeklinde bir mermi kümesi ateşler.","Mantiene una certa distanza mentre insegue il giocatore, scatta verso qualsiasi giocatore nel raggio d'azione e spara un gruppo di proiettili a forma di foglia d'acero composto da sei colpi."
FANTASY_VINE_STRANGER_NAME,Vine Stranger,Étrangleur de lianes,藤蔓怪人,ヴァインストレンジャー,덩굴 괴인,藤蔓怪人,Лозный странник,Winny obcy,Enredadera extraña,Trepadeira estranha,Ranken-Fremder,Sarmaşık Yabancı,Vite strana
FANTASY_VINE_STRANGER_BEHAVIOUR_DESCRIPTION,"Cannot move, will be attacked by lootworm, fires a long stream of bullets at the player.","Ne peut pas se déplacer, sera attaqué par le ver pillard, tire un long flux de balles sur le joueur.","无法移动, 会被搜刮虫虫攻击, 向玩家发射长串子弹","移動できず,ルートワームに攻撃される.プレイヤーに向けて長い弾の連なりを発射する.","이동할 수 없으며, 약탈벌레에게 공격받습니다. 플레이어를 향해 긴 탄환의 흐름을 발사합니다.","無法移動,會被搜刮蟲蟲攻擊,向玩家發射長串子彈","Не может двигаться, будет атакован червем-грабителем, выпускает длинную очередь пуль в игрока.","Nie może się poruszać, zostanie zaatakowany przez łupieżczego robaka, wystrzeliwuje długi strumień pocisków w gracza.","No puede moverse, será atacado por el gusano saqueador, dispara un largo chorro de balas al jugador.","Não pode se mover, será atacado pelo verme saqueador, dispara um longo fluxo de projéteis no jogador.","Kann sich nicht bewegen, wird vom Plünderwurm angegriffen, feuert einen langen Kugelstrom auf den Spieler.","Hareket edemez, yağmacı kurt tarafından saldırıya uğrar, oyuncuya uzun bir mermi akışı ateşler.","Non può muoversi, verrà attaccato dal verme saccheggiatore, spara un lungo flusso di proiettili al giocatore."
FANTASY_LITTLE_ELF_NAME,Little Elf,Petit elfe,小精灵,リトルエルフ,꼬마 요정,小精靈,Маленький эльф,Mały elf,Elfo pequeño,Elfo pequeno,Kleiner Elf,Küçük Elf,Elfo piccolo
FANTASY_LITTLE_ELF_BEHAVIOUR_DESCRIPTION,"Rapidly swings towards the player, flees from the player when too close, and fires 5 bullets consecutively. After firing, it enters a 2-second cooldown period","Se balance rapidement vers le joueur, fuit le joueur quand il est trop près, et tire 5 balles consécutives. Après avoir tiré, il entre dans un temps de recharge de 2 secondes","高速摇摆接近玩家, 太接近时逃离玩家, 并连续发射5个子弹, 发射完毕后进入2秒的冷却期","高速でプレイヤーに接近し,近づきすぎると逃げ出し,5発の弾を連続で発射する.発射後,2秒のクールダウンに入る","플레이어에게 빠르게 접근하며, 너무 가까우면 도망가고, 5발의 탄환을 연속으로 발사합니다. 발사 후 2초의 재사용 대기 시간에 들어갑니다","高速搖擺接近玩家,太接近時逃離玩家,並連續發射5個子彈,發射完畢後進入2秒的冷卻期","Быстро раскачиваясь, приближается к игроку, убегает, когда слишком близко, и выпускает 5 пуль подряд. После стрельбы уходит в перезарядку на 2 секунды","Szybko kołysze się w stronę gracza, ucieka od gracza, gdy jest zbyt blisko, i wystrzeliwuje kolejno 5 pocisków. Po strzale wchodzi w 2-sekundowy okres odnowienia","Se balancea rápidamente hacia el jugador, huye del jugador cuando está demasiado cerca y dispara 5 balas consecutivamente. Después de disparar, entra en un período de enfriamiento de 2 segundos","Balança rapidamente em direção ao jogador, foge do jogador quando muito perto e dispara 5 projéteis consecutivamente. Após atirar, entra em um período de recarga de 2 segundos","Schwingt sich schnell auf den Spieler zu, flieht, wenn er zu nahe ist, und feuert 5 Kugeln hintereinander. Nach dem Schießen folgt eine 2-sekündige Abklingzeit","Oyuncuya doğru hızla sallanarak yaklaşır, çok yaklaştığında kaçar ve art arda 5 mermi ateşler. Ateş ettikten sonra 2 saniyelik bekleme süresine girer","Oscilla rapidamente verso il giocatore, fugge quando è troppo vicino e spara 5 proiettili consecutivamente. Dopo aver sparato, entra in un periodo di ricarica di 2 secondi"
FANTASY_SKELETON_KNIGHT_NAME,Skeleton Knight,Chevalier squelette,骷髅骑士,スケルトンナイト,해골 기사,骷髏騎士,Скелет-рыцарь,Szkielet rycerz,Caballero esqueleto,Cavaleiro esqueleto,Skelett-Ritter,İskelet Şövalye,Cavaliere scheletro
FANTASY_SKELETON_KNIGHT_BEHAVIOUR_DESCRIPTION,"Moves randomly, initiates a long-distance dash toward the player every 4 seconds, generating sword flashes in random directions during the dash","Se déplace aléatoirement, initie une ruée à longue distance vers le joueur toutes les 4 secondes, générant des éclairs d'épée dans des directions aléatoires pendant la ruée","随机移动, 每4秒向玩家发起长距离冲刺, 冲刺过程中会产生随机方向的刀光","ランダムに移動し,4秒ごとにプレイヤーに向けて長距離ダッシュを開始し,ダッシュ中にランダムな方向へ剣閃を発生させる","무작위로 이동하며, 4초마다 플레이어를 향해 장거리 돌진을 시작하고, 돌진 중 무작위 방향으로 검기를 발생시킵니다","隨機移動,每4秒向玩家發起長距離衝刺,衝刺過程中會產生隨機方向的刀光","Двигается случайным образом, каждые 4 секунды начинает длинный рывок к игроку, создавая мечевые вспышки в случайных направлениях во время рывка","Porusza się losowo, co 4 sekundy inicjuje daleki doskok w kierunku gracza, generując podczas niego błyski miecza w losowych kierunkach","Se mueve aleatoriamente, inicia una embestida de larga distancia hacia el jugador cada 4 segundos, generando destellos de espada en direcciones aleatorias durante la embestida","Move-se aleatoriamente, inicia uma investida de longa distância contra o jogador a cada 4 segundos, gerando lampejos de espada em direções aleatórias durante a investida","Bewegt sich zufällig, leitet alle 4 Sekunden einen weiten Sturmangriff auf den Spieler ein, erzeugt während des Sturms Schwertblitze in zufällige Richtungen","Rastgele hareket eder, her 4 saniyede bir oyuncuya doğru uzun mesafeli bir atılım başlatır, atılım sırasında rastgele yönlerde kılıç parıltıları oluşturur","Si muove casualmente, ogni 4 secondi inizia uno scatto a lunga distanza verso il giocatore, generando lampi di spada in direzioni casuali durante lo scatto"
FANTASY_GIANT_BEAR_NAME,Giant Bear,Ours géant,巨熊,ジャイアントベア,거대 곰,巨熊,Гигантский медведь,Olbrzymi niedźwiedź,Oso gigante,Urso gigante,Riesenbär,Dev Ayı,Orso gigante
FANTASY_GIANT_BEAR_BEHAVIOUR_DESCRIPTION,"Slowly chase the player, dashing toward them every 2 seconds and firing 3 short-range spread bullets in sequence during each dash","Poursuit lentement le joueur, fonçant vers lui toutes les 2 secondes et tirant 3 balles à dispersion à courte portée successivement pendant chaque ruée","缓慢追击玩家, 每2秒冲向玩家, 冲刺过程中先后发射3次短距离的扩散子弹","ゆっくりとプレイヤーを追跡し,2秒ごとにダッシュし,各ダッシュ中に短距離拡散弾を3発連続で発射する","플레이어를 천천히 쫓으며, 2초마다 돌진하고, 각 돌진 중 단거리 확산탄을 3발 연속으로 발사합니다","緩慢追擊玩家,每2秒衝向玩家,衝刺過程中先後發射3次短距離的擴散子彈","Медленно преследует игрока, совершая рывок каждые 2 секунды и выпуская 3 короткодистанционные разлетающиеся пули последовательно во время каждого рывка","Powoli goni gracza, doskakując co 2 sekundy i wystrzeliwując kolejno 3 krótkozasięgowe pociski rozproszone podczas każdego doskoku","Persigue lentamente al jugador, abalanzándose cada 2 segundos y disparando 3 balas de dispersión de corto alcance en secuencia durante cada embestida","Persegue lentamente o jogador, avançando a cada 2 segundos e disparando 3 projéteis de dispersão de curto alcance em sequência durante cada investida","Verfolgt den Spieler langsam, stürmt alle 2 Sekunden auf ihn zu und feuert bei jedem Sturm nacheinander 3 kurzreichweitige Streugeschosse ab","Oyuncuyu yavaşça kovalar, her 2 saniyede bir ona doğru atılır ve her atılım sırasında sırayla 3 kısa menzilli dağılan mermi ateşler","Insegue lentamente il giocatore, scattando ogni 2 secondi e sparando 3 proiettili a corto raggio in sequenza durante ogni scatto"
FANTASY_LITTLE_DEMON_NAME,Little Demon,Petit démon,小恶魔,リトルデーモン,꼬마 악마,小惡魔,Маленький демон,Mały demon,Demonio pequeño,Pequeno demônio,Kleiner Dämon,Küçük Şeytan,Piccolo demone
FANTASY_LITTLE_DEMON_BEHAVIOUR_DESCRIPTION,"Pursue the player, firing two bullets every 1.5 seconds that appear from the left and right sides of the map and travel toward each other","Poursuit le joueur, tirant deux balles toutes les 1,5 seconde qui apparaissent des côtés gauche et droit de la carte et se dirigent l'une vers l'autre","追击玩家, 每1.5秒发射两个从地图左右两侧出现的相对而行的子弹","プレイヤーを追跡し,1.5秒ごとにマップの左右両端から現れ互いに向かって進む2発の弾を発射する","플레이어를 추적하며, 1.5초마다 맵의 좌우 양쪽에서 나타나 서로를 향해 이동하는 두 개의 탄환을 발사합니다","追擊玩家,每1.5秒發射兩個從地圖左右兩側出現的相對而行的子彈","Преследует игрока, каждые 1,5 секунды выпуская две пули, появляющиеся с левой и правой сторон карты и летящие навстречу друг другу","Goni gracza, co 1,5 sekundy wystrzeliwując dwa pociski pojawiające się z lewej i prawej strony mapy i lecące ku sobie","Persigue al jugador, disparando dos balas cada 1.5 segundos que aparecen desde los lados izquierdo y derecho del mapa y viajan una hacia la otra","Persegue o jogador, disparando dois projéteis a cada 1,5 segundos que surgem dos lados esquerdo e direito do mapa e viajam um na direção do outro","Verfolgt den Spieler, feuert alle 1,5 Sekunden zwei Kugeln ab, die von der linken und rechten Seite der Karte erscheinen und aufeinander zufliegen","Oyuncuyu takip eder, haritanın sol ve sağ taraflarından beliren ve birbirine doğru ilerleyen iki mermiyi her 1,5 saniyede bir ateşler","Insegue il giocatore, sparando due proiettili ogni 1,5 secondi che appaiono dai lati sinistro e destro della mappa e viaggiano l'uno verso l'altro"
FANTASY_CRYSTALLINE_ELEMENTS_NAME,Crystalline Elements,Éléments cristallins,元素结晶,クリスタルエレメント,수정 원소,元素結晶,Кристаллические элементы,Krystaliczne żywioły,Elementos cristalinos,Elementos cristalinos,Kristallelemente,Kristal Elementler,Elementi cristallini
FANTASY_CRYSTALLINE_ELEMENTS_BEHAVIOUR_DESCRIPTION,"Teleports randomly within a range of 700 every 3 seconds, and each second summons a hexagonal cluster of six blade flashes around itself that contracts inward.","Se téléporte aléatoirement dans un rayon de 700 toutes les 3 secondes, et chaque seconde invoque un groupe hexagonal de six éclairs de lame autour de lui qui se contracte vers l'intérieur.","每3秒在700范围内随机传送,每秒在周围召唤由6个刀光构成的向内收缩的六边形刀光群","3秒ごとに範囲700内でランダムにテレポートし,毎秒6つの剣閃からなる六角形の閃光群を自身の周囲に召喚し,内側に収縮する.","3초마다 700 범위 내에서 무작위로 순간이동하며, 매 초 주변에 6개의 검기로 구성된 육각형 무리를 소환하여 안쪽으로 수축시킵니다.","每3秒在700範圍內隨機傳送,每秒在周圍召喚由6個刀光構成的向內收縮的六邊形刀光群","Телепортируется случайным образом в радиусе 700 каждые 3 секунды, и каждую секунду призывает вокруг себя шестиугольную группу из шести мечевых вспышек, которая сжимается внутрь.","Teleportuje się losowo w zasięgu 700 co 3 sekundy, a co sekundę przywołuje wokół siebie sześciokątną grupę sześciu błysków ostrza, która kurczy się do wewnątrz.","Se teletransporta aleatoriamente en un radio de 700 cada 3 segundos, y cada segundo invoca un grupo hexagonal de seis destellos de espada a su alrededor que se contrae hacia adentro.","Teletransporta-se aleatoriamente num raio de 700 a cada 3 segundos e, a cada segundo, invoca um aglomerado hexagonal de seis lampejos de lâmina ao seu redor que se contrai para dentro.","Teleportiert sich alle 3 Sekunden zufällig in einem Umkreis von 700 und beschwört jede Sekunde eine sechseckige Gruppe von sechs Klingenblitzen um sich herum, die sich nach innen zusammenzieht.","Her 3 saniyede bir 700 menzil içinde rastgele ışınlanır ve her saniye etrafında, içe doğru büzülen altı kılıç parıltısından oluşan altıgen bir küme çağırır.","Si teletrasporta casualmente entro un raggio di 700 ogni 3 secondi, e ogni secondo evoca un gruppo esagonale di sei lampi di lama intorno a sé che si contrae verso l'interno."
INFO_POS_STAT_FANTASY_HOLY,"Increases damage dealt to cursed enemies by {0}, increases the probability of enemies dropping souls by {1}, and reduces all enemies' HP by {2}.","Augmente les dégâts infligés aux ennemis maudits de {0}, augmente la probabilité que les ennemis lâchent des âmes de {1} et réduit les PV de tous les ennemis de {2}.",额外增加对被诅咒敌人造成的伤害{0}，增加敌人掉魂的概率{1}，降低所有敌人的血量{2}。,呪われた敵に与えるダメージが{0}増加し、敵が魂を落とす確率が{1}増加し、全敵のHPが{2}減少する。,"저주받은 적에게 주는 피해가 {0} 증가하고, 적이 영혼을 떨어뜨릴 확률이 {1} 증가하며, 모든 적의 HP가 {2} 감소한다.",額外增加對被詛咒敵人造成的傷害{0}，增加敵人掉魂的機率{1}，降低所有敵人的血量{2}。,"Увеличивает урон по проклятым врагам на {0}, повышает вероятность выпадения душ из врагов на {1} и снижает ОЗ всех врагов на {2}.","Zwiększa obrażenia zadawane przeklętym wrogom o {0}, zwiększa szansę na upuszczenie dusz przez wrogów o {1} i zmniejsza HP wszystkich wrogów o {2}.","Aumenta el daño infligido a enemigos malditos en un {0}, aumenta la probabilidad de que los enemigos suelten almas en un {1} y reduce el HP de todos los enemigos en un {2}.","Aumenta o dano causado a inimigos amaldiçoados em {0}, aumenta a probabilidade de inimigos derrubarem almas em {1} e reduz o HP de todos os inimigos em {2}.","Erhöht den Schaden gegen verfluchte Feinde um {0}, erhöht die Wahrscheinlichkeit, dass Feinde Seelen fallen lassen, um {1} und reduziert die LP aller Feinde um {2}.","Lanetli düşmanlara verilen hasarı {0} artırır, düşmanların ruh düşürme olasılığını {1} artırır ve tüm düşmanların HP'sini {2} azaltır.","Aumenta i danni inflitti ai nemici maledetti di {0}, aumenta la probabilità che i nemici lascino cadere anime di {1} e riduce i PV di tutti i nemici di {2}."
INFO_NEG_STAT_FANTASY_HOLY,Inactive when negative.,Inactif si négatif.,负数时不生效。,マイナス時は無効.,음수일 때 비활성화됩니다.,負數時不生效。,Не действует при отрицательном значении.,"Nieaktywny, gdy ujemny.",Inactivo cuando es negativo.,Inativo quando negativo.,Inaktiv bei negativem Wert.,Negatif olduğunda etkin değildir.,Inattivo se negativo.
INFO_POS_STAT_FANTASY_SOUL,"Special drop item, only drops when Holy attribute is positive. After picking up, %Damage increases by an additional 10 ({0}% Damage), %Attack Speed increases by an additional 10 ({1}% Attack Speed), each lasting 2 seconds.","Objet spécial, ne tombe que lorsque l'attribut Sacré est positif. Après ramassage, les % de dégâts augmentent de 10 supplémentaires ({0}% de dégâts), la % de vitesse d'attaque augmente de 10 supplémentaires ({1}% de vitesse d'attaque), chacun pendant 2 secondes.",特殊掉落物，仅在神圣属性为正时掉落。拾取后%伤害额外增加10({0} %伤害)，%攻击速度额外增加10({1} %攻击速度)，每个持续2秒。,特殊ドロップアイテム、聖属性が正の時のみドロップ。拾取後、%ダメージが追加で10増加（{0}%ダメージ）、%攻撃速度が追加で10増加（{1}%攻撃速度）、各2秒間持続。,"특수 드롭 아이템, 신성 속성이 양수일 때만 드롭. 획득 후 % 피해가 추가로 10 증가({0}% 피해), % 공격 속도가 추가로 10 증가({1}% 공격 속도), 각각 2초간 지속.",特殊掉落物，僅在神聖屬性為正時掉落。拾取後%傷害額外增加10({0}%傷害)，%攻擊速度額外增加10({1}%攻擊速度)，每個持續2秒。,"Особый предмет, выпадает только при положительном атрибуте Святость. После подбора % урона дополнительно увеличивается на 10 ({0}% урона), % скорости атаки дополнительно увеличивается на 10 ({1}% скорости атаки), каждый эффект длится 2 секунды.","Specjalny przedmiot, wypada tylko przy dodatnim atrybucie Świętości. Po podniesieniu % obrażeń zwiększa się dodatkowo o 10 ({0}% obrażeń), % szybkości ataku zwiększa się dodatkowo o 10 ({1}% szybkości ataku), każdy efekt trwa 2 sekundy.","Objeto especial, solo cae cuando el atributo Sagrado es positivo. Al recogerlo, el % de daño aumenta adicionalmente en 10 ({0}% de daño), la % de velocidad de ataque aumenta adicionalmente en 10 ({1}% de velocidad de ataque), cada uno dura 2 segundos.","Item especial, só cai quando o atributo Sagrado é positivo. Após pegar, o % de dano aumenta adicionalmente em 10 ({0}% de dano), a % de velocidade de ataque aumenta adicionalmente em 10 ({1}% de velocidade de ataque), cada um por 2 segundos.","Spezialgegenstand, fällt nur bei positivem Heiligkeitsattribut ab. Nach dem Aufheben erhöht sich % Schaden zusätzlich um 10 ({0}% Schaden), % Angriffstempo zusätzlich um 10 ({1}% Angriffstempo), jeder Effekt hält 2 Sekunden an.","Özel eşya, sadece Kutsal özelliği pozitifken düşer. Topladıktan sonra % Hasar ek olarak 10 artar ({0}% Hasar), % Saldırı Hızı ek olarak 10 artar ({1}% Saldırı Hızı), her biri 2 saniye sürer.","Oggetto speciale, cade solo quando l'attributo Sacro è positivo. Dopo il raccoglimento, il % Danno aumenta ulteriormente di 10 ({0}% Danno), la % Velocità d'attacco aumenta ulteriormente di 10 ({1}% Velocità d'attacco), ognuno dura 2 secondi."
STAT_FANTASY_HOLY,Holy,Saint,神圣,ホーリー,신성,神聖,Святость,Świętość,Sagrado,Sagrado,Heilig,Kutsal,Sacro
CLASS_FANTASY_HOLY,Holy,Saint,神圣,ホーリー,신성,神聖,Святой,Święta,Sagrado,Sagrado,Heilig,Kutsal,Sacro
CLASS_FANTASY_FALLEN,Fallen,Corrompu,堕落,フォールン,타락,墮落,Падший,Upadły,Caído,Caído,Gefallen,Düşmüş,Caduto
STAT_FANTASY_SOUL,Soul,Âme,魂,ソウル,영혼,魂,Душа,Dusza,Alma,Alma,Seele,Ruh,Anima
CONSUMABLE_FANTASY_SOUL,Soul,Âme,魂,ソウル,영혼,魂,Душа,Dusza,Alma,Alma,Seele,Ruh,Anima
ITEM_FANTASY_BADGE,Badge,Insigne,徽章,バッジ,뱃지,徽章,Жетон,Odznaka,Insignia,Distintivo,Abzeichen,Rozet,Distintivo
ITEM_FANTASY_BIBLE,Bible,Bible,圣经,聖書,성경,聖經,Библия,Biblia,Biblia,Bíblia,Bibel,İncil,Bibbia
ITEM_FANTASY_BLACK_MUD,Black Mud,Boue noire,黑泥,黒い泥,검은 진흙,黑泥,Чёрная грязь,Czarne błoto,Lodo negro,Lama negra,Schwarzer Schlamm,Kara Çamur,Fango nero
ITEM_FANTASY_BLESSED_BREASTPLATE,Blessed Breastplate,Cuirasse bénie,被祝福的胸甲,祝福の胸当て,축복받은 흉갑,被祝福的胸甲,Благословенная кираса,Błogosławiony napierśnik,Coraza bendecida,Couraça abençoada,Gesegneter Brustpanzer,Kutsanmış Göğüs Zırhı,Pettorale benedetto
ITEM_FANTASY_BOOKMARK,Bookmark,Marque-page,书签,ブックマーク,책갈피,書籤,Закладка,Zakładka,Marcapáginas,Marcador,Lesezeichen,Yer İmi,Segnalibro
ITEM_FANTASY_BOWSTRING,Bowstring,Corde d'arc,弓弦,弓弦,활시위,弓弦,Тетива,Cięciwa,Cuerda de arco,Corda de arco,Bogensehne,Yay Kirişi,Corda d'arco
ITEM_FANTASY_BRASS_BEARING,Brass Bearing,Roulement en laiton,黄铜轴承,真鍮ベアリング,황동 베어링,黃銅軸承,Латунный подшипник,Mosiężne łożysko,Rodamiento de latón,Rolamento de latão,Messinglager,Pirinç Rulman,Cuscinetto in ottone
ITEM_FANTASY_BRASS_COMPONENT,Brass Component,Composant en laiton,黄铜构件,真鍮部品,황동 부품,黃銅構件,Латунная деталь,Mosiężny komponent,Componente de latón,Componente de latão,Messingkomponente,Pirinç Bileşen,Componente in ottone
ITEM_FANTASY_BRASS_GEAR,Brass Gear,Engrenage en laiton,黄铜齿轮,真鍮歯車,황동 톱니바퀴,黃銅齒輪,Латунная шестерня,Mosiężne koło zębate,Engranaje de latón,Engrenagem de latão,Messingzahnrad,Pirinç Dişli,Ingranaggio in ottone
ITEM_FANTASY_PRISM_TOWER,Prism Tower,Tour prismatique,光棱塔,プリズムタワー,프리즘 탑,光棱塔,Призматическая башня,Wieża pryzmatyczna,Torre prismática,Torre prismática,Prismenturm,Prizma Kulesi,Torre prismatica
ITEM_FANTASY_BRAVE_NECKLACE,Brave Necklace,Collier du brave,勇者项链,勇者のネックレス,용자의 목걸이,勇者項鍊,Ожерелье храбреца,Naszyjnik odważnych,Collar del valiente,Colar do bravo,Mutiger Anhänger,Cesur Kolye,Collana del coraggioso
STAT_LEVELS,Levels,Niveaux,等级,レベル,레벨,等級,Уровни,Poziomy,Niveles,Níveis,Stufen,Seviyeler,Livelli
ITEM_FANTASY_CLOCK_TOWER_ECHO,Clock Tower Echo,Écho du clocher,时计塔的回响,時計塔の残響,시계탑의 메아리,時針塔的迴響,Эхо часовой башни,Echo wieży zegarowej,Eco de la torre del reloj,Eco da torre do relógio,Uhrenturm-Echo,Saat Kulesi Yankısı,Eco della torre dell'orologio
EFFECT_FANTASY_TIME_BONUS_CURRENT_HEALTH_DAMAGE,"Every {0} seconds, deal additional damage equal to {1} of the max health of all enemies ({2} for elites and bosses)","Toutes les {0} secondes, inflige des dégâts supplémentaires égaux à {1} des PV max de tous les ennemis ({2} pour les élites et les boss)",每{0}秒对所有敌人额外造成相当于其最大生命值的{1}的伤害(对精英和头目则为{2}),"{0}秒ごとに,全敵の最大HPの{1}に等しい追加ダメージを与える(エリートとボスには{2})","{0}초마다, 모든 적의 최대 체력의 {1}만큼 추가 피해를 줍니다 (엘리트와 보스에게는 {2})",每{0}秒對所有敵人額外造成相當於其最大生命值的{1}的傷害(對菁英和頭目則為{2}),"Каждые {0} секунд наносит дополнительный урон, равный {1} от макс. здоровья всех врагов ({2} для элиты и боссов)",Co {0} sekund zadaje dodatkowe obrażenia równe {1} maks. PŻ wszystkich wrogów ({2} dla elit i bossów),"Cada {0} segundos, inflige daño adicional equivalente al {1} de la vida máxima de todos los enemigos ({2} para élites y jefes)","A cada {0} segundos, causa dano adicional igual a {1} da vida máxima de todos os inimigos ({2} para elites e chefes)",Alle {0} Sekunden zusätzlichen Schaden in Höhe von {1} der maximalen LP aller Gegner verursachen ({2} für Eliten und Bosse),"Her {0} saniyede, tüm düşmanların maksimum canının {1} kadarı kadar ek hasar verir (elitler ve bosslar için {2})","Ogni {0} secondi, infligge danni aggiuntivi pari a {1} dei PV massimi di tutti i nemici ({2} per élite e boss)"
ITEM_FANTASY_CONTRACT,Contract,Contrat,契约,契約,계약,契約,Контракт,Kontrakt,Contrato,Contrato,Vertrag,Sözleşme,Contratto
EFFECT_FANTASY_SHOP_ENTER_STAT_CURSE,"Upon entering the shop, there is a {2} chance to spend {0} {1} to randomly curse {3} owned item or weapon
{4}
{5}","En entrant dans la boutique, il y a une chance de {2} de dépenser {0} {1} pour maudire aléatoirement {3} objet ou arme possédé
{4}
{5}","进入商店时,有{2}概率使用{0}点{1}随机诅咒{3}件已拥有的道具或武器
{4}
{5}","ショップに入ると,{2}%の確率で{0}{1}を消費し,所持するアイテムか武器{3}個をランダムに呪う
{4}
{5}","상점에 들어갈 때, {2}의 확률로 {0} {1}을 소모하여 소유한 아이템 또는 무기 {3}개를 무작위로 저주합니다
{4}
{5}","進入商店時,有{2}機率使用{0}點{1}隨機詛咒{3}件已擁有的道具或武器
{4}
{5}","При входе в магазин есть шанс {2} потратить {0} {1}, чтобы случайно проклясть {3} имеющихся предмета или оружия
{4}
{5}","Po wejściu do sklepu, jest {2} szans na wydanie {0} {1}, aby losowo przekląć {3} posiadany przedmiot lub broń
{4}
{5}","Al entrar en la tienda, hay una probabilidad de {2} de gastar {0} {1} para maldecir aleatoriamente {3} objeto o arma poseída
{4}
{5}","Ao entrar na loja, há {2} de chance de gastar {0} {1} para amaldiçoar aleatoriamente {3} item ou arma possuído
{4}
{5}","Beim Betreten des Ladens besteht eine {2}-Chance, {0} {1} auszugeben, um {3} besessenen Gegenstand oder Waffe zufällig zu verfluchen
{4}
{5}","Dükkana girerken, sahip olunan {3} eşyayı veya silahı rastgele lanetlemek için {0} {1} harcama şansı {2}
{4}
{5}","Entrando nel negozio, c'è una probabilità del {2} di spendere {0} {1} per maledire casualmente {3} oggetti o armi posseduti
{4}
{5}"
TRACKING_CURSED,Cursed: {0},Maudit : {0},已诅咒:{0},呪い: {0},저주: {0},已詛咒:{0},Проклято: {0},Przeklęte: {0},Maldito: {0},Amaldiçoado: {0},Verflucht: {0},Lanetli: {0},Maledetto: {0}
ITEM_FANTASY_SCRIPTURE,Scripture,Écriture,经文,経典,경전,經文,Писание,Pismo,Libro sagrado,Escritura,Heilige Schrift,Kutsal Yazı,Scrittura
ITEM_FANTASY_ELF_EAR,Elf Ear,Oreille d'elfe,精灵耳,エルフの耳,엘프 귀,精靈耳,Эльфийское ухо,Ucho elfa,Oreja de elfo,Orelha de elfo,Elfenohr,Elf Kulağı,Orecchio da elfo
ITEM_FANTASY_CURSED_COIN,Cursed Coin,Pièce maudite,被诅咒的金币,呪われたコイン,저주받은 동전,被詛咒的金幣,Проклятая монета,Przeklęta moneta,Moneda maldita,Moeda amaldiçoada,Verfluchte Münze,Lanetli Sikke,Moneta maledetta
EFFECT_FANTASY_DAMAGE_CLAMP,"Whenever you take damage, that damage cannot exceed {2} max hp, but is at least {0}
{3}","Lorsque vous subissez des dégâts, ces dégâts ne peuvent pas dépasser {2} PV max, mais sont d'au moins {0}
{3}","你每次受到伤害不超过{2}最大生命值,但至少为{0}
{3}","ダメージを受けると,そのダメージは最大HPの{2}を超えず,最低{0}となる
{3}","피해를 받을 때마다, 피해량은 최대 체력의 {2}를 초과할 수 없지만 최소 {0}입니다
{3}","你每次受到傷害不超過{2}最大生命值,但至少為{0}
{3}","Получая урон, вы не можете получить более {2} макс. ОЗ, но не менее {0}
{3}","Ilekroć otrzymujesz obrażenia, nie mogą one przekroczyć {2} maks. PŻ, ale wynoszą co najmniej {0}
{3}","Cada vez que recibes daño, ese daño no puede exceder el {2} de tu vida máxima, pero es al menos {0}
{3}","Sempre que sofre dano, esse dano não pode exceder {2} da vida máxima, mas é no mínimo {0}
{3}","Immer wenn du Schaden nimmst, kann dieser Schaden {2} der maximalen LP nicht überschreiten, beträgt aber mindestens {0}
{3}","Ne zaman hasar alsan, bu hasar maksimum canının {2}'sini aşamaz, ancak en az {0} olur
{3}","Ogni volta che subisci danni, il danno non può superare {2} PV massimi, ma è almeno {0}
{3}"
EFFECT_FANTASY_DAMAGE_REFLECT,"When you take damage from a source other than yourself, reflect damage equal to the original damage value {0} to the attacker, modified by your damage bonus percentage","Lorsque vous subissez des dégâts d'une source autre que vous-même, renvoyez des dégâts égaux à la valeur originale des dégâts {0} à l'attaquant, modifiés par votre pourcentage de bonus aux dégâts","受到来源不是自己的伤害时,对攻击者造成伤害原本值{0}的反伤,受你的%伤害加成","自身以外からのダメージを受けた時,攻撃者に元のダメージ値の{0}の反射ダメージを与える(ダメージボーナス%の影響を受ける)","자신 이외의 대상으로부터 피해를 받을 때, 공격자에게 원래 피해량의 {0}만큼 피해를 반사합니다 (피해 보너스 %의 영향을 받음)","受到來源不是自己的傷害時,對攻擊者造成傷害原本值{0}的反傷,受你的%傷害加成","Получая урон не от себя, отражаете урон, равный {0} от исходного значения, в атакующего, модифицированный вашим процентом бонуса к урону","Otrzymując obrażenia ze źródła innego niż ty sam, odbijasz atakującemu obrażenia równe {0} pierwotnej wartości, modyfikowane przez twój procent premii do obrażeń","Cuando recibes daño de una fuente distinta a ti mismo, reflejas un daño igual al valor de daño original {0} al atacante, modificado por tu porcentaje de bonificación de daño","Quando você sofre dano de uma fonte que não seja você mesmo, reflete dano igual ao valor original do dano {0} ao atacante, modificado por sua porcentagem de bônus de dano","Wenn du Schaden von einer anderen Quelle als dir selbst nimmst, wird Schaden in Höhe des ursprünglichen Schadenswerts {0} auf den Angreifer reflektiert, modifiziert durch deinen Schadensbonus-Prozentsatz","Kendin dışında bir kaynaktan hasar aldığında, saldırana, hasar bonus yüzdenle değiştirilerek orijinal hasar değerinin {0}'ı kadar hasar yansıt","Quando subisci danni da una fonte diversa da te stesso, rifletti all'attaccante un danno pari al {0} del valore originale del danno, modificato dalla tua percentuale di bonus al danno"
ITEM_FANTASY_CRIMSON_HOLY_SHROUD,Crimson Holy Shroud,Suaire sacré cramoisi,绯红圣骸布,紅蓮の聖骸布,진홍빛 성해포,緋紅聖骸布,Алый священный покров,Karmazynowy święty całun,Sudario sagrado carmesí,Sudário sagrado carmesim,Purpurrotes heiliges Tuch,Kızıl Kutsal Kefen,Sudario sacro cremisi
ITEM_FANTASY_CROW,Crow,Corbeau,乌鸦,カラス,까마귀,烏鴉,Ворона,Wrona,Cuervo,Corvo,Krähe,Karga,Corvo
FANTASY_CROW_NAME,Crow,Corbeau,乌鸦,カラス,까마귀,烏鴉,Ворона,Wrona,Cuervo,Corvo,Krähe,Karga,Corvo
EFFECT_FANTASY_PET_CROW,"Summon a crow that surrounds you, firing a feather every {0}s at enemies within range {1}, dealing {2} ({3}) damage","Invoque un corbeau qui vous entoure, tirant une plume toutes les {0}s sur les ennemis à portée {1}, infligeant {2} ({3}) dégâts","召唤一只乌鸦围绕在你身边,每{0}秒发射一枚羽毛攻击范围{1}内的敌人,造成{2}({3})伤害","カラスを召喚して周囲を旋回させ,{0}秒ごとに範囲{1}内の敵に羽根を発射し,{2}({3})ダメージを与える",주변을 맴도는 까마귀를 소환합니다. {0}초마다 범위 {1} 내의 적에게 깃털을 발사하여 {2}({3}) 피해를 줍니다,"召喚一隻烏鴉圍繞在你身邊,每{0}秒發射一枚羽毛攻擊範圍{1}內的敵人,造成{2}({3})傷害","Призывает ворону, которая кружит вокруг вас, каждые {0} с. выпуская перо во врагов в радиусе {1}, нанося {2} ({3}) урона","Przywołuje wronę, która krąży wokół ciebie, co {0} s wystrzeliwując pióro we wrogów w zasięgu {1}, zadając {2} ({3}) obrażeń","Invoca un cuervo que te rodea, disparando una pluma cada {0}s a los enemigos dentro del rango {1}, infligiendo {2} ({3}) de daño","Invoca um corvo que o rodeia, disparando uma pena a cada {0}s em inimigos num raio de {1}, causando {2} ({3}) de dano","Beschwört eine Krähe, die dich umkreist und alle {0}s eine Feder auf Gegner in Reichweite {1} feuert, die {2} ({3}) Schaden verursacht","Etrafında dönen bir karga çağırır, her {0} saniyede bir menzil {1} içindeki düşmanlara tüy atarak {2} ({3}) hasar verir","Evoca un corvo che ti circonda, sparando una piuma ogni {0}s ai nemici entro un raggio di {1}, infliggendo {2} ({3}) danni"
ITEM_FANTASY_CURSED_FIRE,Cursed Fire,Feu maudit,诅咒之火,呪われし炎,저주받은 불,詛咒之火,Проклятый огонь,Przeklęty ogień,Fuego maldito,Fogo amaldiçoado,Verfluchtes Feuer,Lanetli Ateş,Fuoco maledetto
FANTASY_LIVING_CURSED_ENEMY,Cursed Enemy,Ennemi maudit,被诅咒的敌人,呪われた敵,저주받은 적,被詛咒的敵人,Проклятый враг,Przeklęty wróg,Enemigo maldito,Inimigo amaldiçoado,Verfluchter Feind,Lanetli Düşman,Nemico maledetto
ITEM_FANTASY_DEMON_EYE,Demon Eye,Œil de démon,恶魔之眼,悪魔の目,악마의 눈,惡魔之眼,Глаз демона,Oko demona,Ojo de demonio,Olho de demônio,Dämonenauge,Şeytan Gözü,Occhio di demone
ITEM_FANTASY_DEMON_EYE_USED,Fossilized Demon Eye,Œil de démon fossilisé,石化的恶魔之眼,石化した悪魔の目,화석화된 악마의 눈,石化的惡魔之眼,Окаменелый глаз демона,Skamieniałe oko demona,Ojo de demonio fosilizado,Olho de demônio fossilizado,Versteinertes Dämonenauge,Fosilleşmiş Şeytan Gözü,Occhio di demone fossilizzato
EFFECT_FANTASY_CURSE_ALL_ON_REROLL,Curse all items in the shop the next reroll,Maudit tous les objets de la boutique à la prochaine actualisation,下一次刷新诅咒商店里的所有物品,次の再抽選で店内の全アイテムを呪う,다음 재굴림 시 상점의 모든 아이템을 저주합니다,下一次刷新詛咒商店裡的所有物品,Проклинает все предметы в магазине при следующем обновлении,Przeklnij wszystkie przedmioty w sklepie przy następnym przerzucie,Maldecir todos los objetos de la tienda en la siguiente tirada,Amaldiçoar todos os itens da loja na próxima rolagem,Verfluche alle Gegenstände im Laden beim nächsten Neuwurf,Bir sonraki yenilemede dükkandaki tüm eşyaları lanetle,Maledici tutti gli oggetti nel negozio al prossimo rinnovo
EFFECT_FANTASY_DEMON_EYE_USED,The exhausted demon eye has turned into a stone statue,L'œil de démon épuisé s'est transformé en statue de pierre,消耗殆尽的恶魔之眼变成了石像,消耗し尽くされた悪魔の目は石像と化した,소진된 악마의 눈은 석상으로 변했습니다,消耗殆盡的惡魔之眼變成了石像,Истощенный глаз демона превратился в каменную статую,Wyczerpane oko demona zmieniło się w kamienny posąg,El ojo de demonio agotado se ha convertido en una estatua de piedra,O olho de demônio exausto se transformou em uma estátua de pedra,Das erschöpfte Dämonenauge ist zu einer Steinstatue geworden,Tükenmiş şeytan gözü taş bir heykele dönüştü,L'occhio di demone esausto si è trasformato in una statua di pietra
EFFECT_FANTASY_CURSE_ALL_ON_REROLL_CURSED,"Curse all items in the shop the next reroll,return to the uncursed state rather than the used state","Maudit tous les objets de la boutique à la prochaine actualisation, revient à l'état non maudit plutôt qu'à l'état utilisé","下一次刷新诅咒商店里的所有物品,变回未诅咒状态而非已使用状态","次の再抽選で店内の全アイテムを呪い,使用済み状態ではなく通常状態に戻す","다음 재굴림 시 상점의 모든 아이템을 저주하고, 사용됨 상태 대신 저주받지 않은 상태로 되돌립니다","下一次刷新詛咒商店裡的所有物品,變回未詛咒狀態而非已使用狀態","Проклинает все предметы в магазине при следующем обновлении, возвращается в непроклятое состояние вместо использованного","Przeklnij wszystkie przedmioty w sklepie przy następnym przerzucie, wróć do stanu nieprzeklętego zamiast zużytego","Maldecir todos los objetos de la tienda en la siguiente tirada, vuelve al estado no maldito en lugar del estado usado","Amaldiçoar todos os itens da loja na próxima rolagem, retorna ao estado não amaldiçoado em vez do estado usado","Verfluche alle Gegenstände im Laden beim nächsten Neuwurf, kehrt in den unverfluchten Zustand statt in den benutzten Zustand zurück","Bir sonraki yenilemede dükkandaki tüm eşyaları lanetle, kullanılmış durumu yerine lanetlenmemiş duruma dön","Maledici tutti gli oggetti nel negozio al prossimo rinnovo, torna allo stato non maledetto invece che a quello usato"
EFFECT_FANTASY_EXTRA_CURSE_ENEMY,"Enemies have an additional {0} chance to be cursed (include elites and bosses)
{1}","Les ennemis ont {0} de chances supplémentaires d'être maudits (inclut les élites et les boss)
{1}","敌人有额外{0}概率被诅咒 (包括精英和头目)
{1}","敵が呪われる確率が追加で{0}%上昇 (エリートとボスを含む)
{1}","적이 저주받을 추가 확률 {0} (엘리트 및 보스 포함)
{1}","敵人有額外{0}機率被詛咒 (包括菁英和頭目)
{1}","Враги имеют дополнительный {0} шанс быть проклятыми (включая элиту и боссов)
{1}","Wrogowie mają dodatkowe {0} szans na bycie przeklętymi (w tym elity i bossowie)
{1}","Los enemigos tienen una probabilidad adicional del {0} de ser maldecidos  (incluye élites y jefes)
{1}","Inimigos têm {0} de chance adicional de serem amaldiçoados (inclui elites e chefes)
{1}","Gegner haben eine zusätzliche {0}-Chance, verflucht zu werden (einschließlich Eliten und Bosse)
{1}","Düşmanların lanetlenme şansı ek olarak {0} (elitler ve bosslar dahil)
{1}","I nemici hanno un'ulteriore probabilità del {0} di essere maledetti (inclusi élite e boss)
{1}"
ITEM_FANTASY_DEMON_HUNTER_BLADE,Demon Hunter Blade,Lame de chasseur de démons,猎魔之刃,悪魔狩りの刃,데몬 헌터 블레이드,獵魔之刃,Клинок охотника на демонов,Ostrze łowcy demonów,Hoja de cazador de demonios,Lâmina de caçador de demônios,Dämonenjägerklinge,Şeytan Avcısı Bıçağı,Lama del cacciatore di demoni
TRACKING_DAMAGE_REDUCED,Damage Reduced: {0},Dégâts réduits : {0},已减免伤害: {0},被ダメージ軽減: {0},피해 감소: {0},已減免傷害:{0},Снижение урона: {0},Zmniejszenie obrażeń: {0},Daño reducido: {0},Dano reduzido: {0},Schadensreduzierung: {0},Azaltılan Hasar: {0},Danno ridotto: {0}
ITEM_FANTASY_DOG_COIN,Dog Coin,Pièce de chien,狗狗金币,犬のコイン,강아지 동전,狗狗金幣,Собачья монета,Psia moneta,Moneda de perro,Moeda de cachorro,Hundemünze,Köpek Parası,Moneta del cane
EFFECT_FANTASY_CRIT_OVERFLOW,"For every {2} overflow, increase {0} critical damage","Pour chaque {2} de débordement, augmente les dégâts critiques de {0}",每溢出{2}暴击率增加{0}暴击伤害,{2}超過ごとにクリティカルダメージが{0}増加,{2} 초과할 때마다 {0} 치명타 피해 증가,每溢出{2}暴擊率增加{0}暴擊傷害,За каждые {2} превышения увеличивает {0} критического урона,"Za każde {2} nadmiaru, zwiększa {0} obrażeń krytycznych","Por cada {2} de desbordamiento, aumenta {0} el daño crítico","Para cada {2} de excesso, aumenta {0} de dano crítico",Für jeden {2} Überlauf wird der kritische Schaden um {0} erhöht,Her {2} taşma için kritik hasarı {0} artır,"Per ogni {2} di eccesso, aumenta il danno critico di {0}"
ITEM_FANTASY_DWARVEN_SCOPE,Dwarven Scope,Lunette naine,矮人瞄准镜,ドワーフのスコープ,드워프 조준경,矮人瞄準鏡,Дварфийский прицел,Krasnoludzki celownik,Mira enana,Mira anã,Zwergen-Zielfernrohr,Cüce Dürbün,Cannocchiale nanico
ITEM_FANTASY_EGYPTIAN_CAT,Egyptian Cat,Chat égyptien,埃及猫,エジプシャンキャット,이집트 고양이,埃及貓,Египетская кошка,Kot egipski,Gato egipcio,Gato egípcio,Ägyptische Katze,Mısır Kedisi,Gatto egiziano
FANTASY_EGYPTIAN_CAT_NAME,Egyptian Cat,Chat égyptien,埃及猫,エジプシャンキャット,이집트 고양이,埃及貓,Египетская кошка,Kot egipski,Gato egipcio,Gato egípcio,Ägyptische Katze,Mısır Kedisi,Gatto egiziano
EFFECT_FANTASY_PET_EGYPTIAN_CAT,"Summons an Egyptian cat that chases enemies within range of {1}, firing three spikes every {0} seconds and dealing {2}({3}) damage.","Invoque un chat égyptien qui poursuit les ennemis dans un rayon de {1}, tirant trois piques toutes les {0} secondes et infligeant {2}({3}) dégâts.","召唤一只埃及猫追击范围{1}内的敌人,每{0}秒发射三枚尖刺攻击,造成{2}({3})伤害","範囲{1}内の敵を追跡するエジプシャンキャットを召喚.{0}秒ごとに3本のスパイクを発射し,{2}({3})ダメージを与える.",범위 {1} 내의 적을 추적하는 이집트 고양이를 소환합니다. {0}초마다 세 개의 가시를 발사하여 {2}({3}) 피해를 줍니다.,"召喚一隻埃及貓追擊範圍{1}內的敵人,每{0}秒發射三枚尖刺攻擊,造成{2}({3})傷害","Призывает египетскую кошку, которая преследует врагов в радиусе {1}, каждые {0} секунд выпуская три шипа и нанося {2}({3}) урона.","Przywołuje egipskiego kota, który goni wrogów w zasięgu {1}, co {0} sekund wystrzeliwując trzy kolce i zadając {2}({3}) obrażeń.","Invoca un gato egipcio que persigue a los enemigos en un rango de {1}, disparando tres púas cada {0} segundos e infligiendo {2}({3}) de daño.","Invoca um gato egípcio que persegue inimigos em um raio de {1}, disparando três espinhos a cada {0} segundos e causando {2}({3}) de dano.","Beschwört eine ägyptische Katze, die Gegner in Reichweite von {1} jagt, alle {0} Sekunden drei Stacheln feuert und {2}({3}) Schaden verursacht.","{1} menzilindeki düşmanları kovalayan bir Mısır kedisi çağırır, her {0} saniyede üç diken atar ve {2}({3}) hasar verir.","Evoca un gatto egiziano che insegue i nemici entro un raggio di {1}, sparando tre spuntoni ogni {0} secondi e infliggendo {2}({3}) danni."
ITEM_FANTASY_PIXIE,Pixie,Pixie,小妖精,ピクシー,요정,小妖精,Пикси,Pixie,Pixie,Pixie,Pixie,Pixie,Pixie
ITEM_FANTASY_GAUNTLET,Gauntlet,Gantelet,护手,ガントレット,건틀릿,護手,Перчатка,Rękawica,Guantelete,Manopla,Panzerhandschuh,Eldiven,Guanto d'arme
ITEM_FANTASY_IRON_RING,Iron Ring,Anneau de fer,铁戒指,鉄の指輪,철 반지,鐵戒指,Железное кольцо,Żelazny pierścień,Anillo de hierro,Anel de ferro,Eisenring,Demir Yüzük,Anello di ferro
ITEM_FANTASY_WORLD_TREE_SEED,World Tree Seed,Graine d'arbre-monde,世界树种子,世界樹の種,세계수 씨앗,世界樹種子,Семя Мирового Древа,Nasiono Drzewa Świata,Semilla del Árbol del Mundo,Semente da Árvore do Mundo, Weltenbaumsamen,Dünya Ağacı Tohumu,Seme dell'Albero del Mondo
ITEM_FANTASY_GINKGO_LEAF,Ginkgo Leaf,Feuille de ginkgo,银杏叶,銀杏の葉,은행잎,銀杏葉,Лист гинкго,Liść miłorzębu,Hoja de ginkgo,Folha de ginkgo,Ginkgoblatt,Ginkgo Yaprağı,Foglia di ginkgo
ITEM_FANTASY_SHOULDER_ARMOR,Shoulder Armor,Armure d'épaule,肩甲,肩甲,어깨 갑옷,肩甲,Наплечник,Naramiennik,Hombrera,Ombreira,Schulterpanzer,Omuz Zırhı,Spallaccio
ITEM_FANTASY_KNEE_PAD,Knee Pad,Genouillère,护膝,膝当て,무릎 보호대,護膝,Наколенник,Nakolannik,Rodillera,Joelheira,Knieschützer,Dizlik,Ginocchiera
TRACKING_RELOAD,Reloaded: {0},Rechargé : {0},已重置: {0},リロード済: {0},재장전됨: {0},已重置:{0},Перезаряжено: {0},Przeładowano: {0},Recargado: {0},Recarregado: {0},Nachgeladen: {0},Yeniden yüklendi: {0},Ricaricato: {0}
EFFECT_FANTASY_RANDOM_RELOAD_WHEN_PICKUP_GOLD,"When picking up materials, {0} chance to randomly reset one weapon's cooldown
{1}","En ramassant des matériaux, {0} de chance de réinitialiser aléatoirement le temps de recharge d'une arme
{1}","拾起材料时,{0}概率随机重置一把武器的冷却
{1}","素材を拾得時,{0}%の確率でいずれかの武器のクールダウンがランダムにリセットされる
{1}","재료를 획득할 시, {0} 확률로 무기 하나의 재사용 대기 시간을 무작위로 초기화합니다
{1}","拾起材料時,{0}機率隨機重置一把武器的冷卻
{1}","При подборе материалов, {0} шанс случайно сбросить перезарядку одного оружия
{1}","Podnosząc materiały, {0} szans na losowe zresetowanie czasu odnowienia jednej broni
{1}","Al recoger materiales, {0} de probabilidad de reiniciar aleatoriamente el enfriamiento de un arma
{1}","Ao coletar materiais, {0} de chance de redefinir aleatoriamente o tempo de recarga de uma arma
{1}","Beim Aufsammeln von Materialien besteht eine {0}-Chance, die Abklingzeit einer Waffe zufällig zurückzusetzen
{1}","Malzeme toplarken, rastgele bir silahın bekleme süresini sıfırlama şansı {0}
{1}","Quando raccogli materiali, {0} di probabilità di azzerare casualmente la ricarica di un'arma
{1}"
ITEM_FANTASY_SCABBARD,Scabbard,Fourreau,剑鞘,鞘,칼집,劍鞘,Ножны,Pochwa,Vaina de espada,Bainha de espada,Schwertscheide,Kın,Fodero
ITEM_FANTASY_NIGHTINGALE,Nightingale,Rossignol,夜莺,ナイチンゲール,나이팅게일,夜鶯,Соловей,Słowik,Ruiseñor,Rouxinol,Nachtigall,Bülbül,Usignolo
FANTASY_NIGHTINGALE_NAME,Nightingale,Rossignol,夜莺,ナイチンゲール,나이팅게일,夜鶯,Соловей,Słowik,Ruiseñor,Rouxinol,Nachtigall,Bülbül,Usignolo
EFFECT_FANTASY_PET_NIGHTINGALE,"Summons a nightingale orbiting around you, healing players within a range of {1} for {2} ({3}) HP every {0} seconds","Invoque un rossignol qui orbite autour de vous, soignant les joueurs dans un rayon de {1} de {2} ({3}) PV toutes les {0} secondes","召唤一只夜莺环绕在你身边,每{0}秒为范围{1}内的玩家恢复{2}({3})生命值","ナイチンゲールを召喚して周囲を旋回させ,{0}秒ごとに範囲{1}内のプレイヤーを{2}({3})回復する",주변을 맴도는 나이팅게일을 소환합니다. {0}초마다 범위 {1} 내의 플레이어를 {2}({3}) 회복합니다,"召喚一隻夜鶯環繞在你身邊,每{0}秒為範圍{1}內的玩家恢復{2}({3})生命值","Призывает соловья, кружащего вокруг вас, исцеляющего игроков в радиусе {1} на {2} ({3}) ОЗ каждые {0} секунд","Przywołuje słowika krążącego wokół ciebie, leczącego graczy w zasięgu {1} o {2} ({3}) PŻ co {0} sekund","Invoca un ruiseñor que orbita a tu alrededor, curando a los jugadores dentro de un rango de {1} por {2} ({3}) de Vida cada {0} segundos","Invoca um rouxinol que orbita ao seu redor, curando jogadores em um raio de {1} em {2} ({3}) PV a cada {0} segundos","Beschwört eine Nachtigall, die dich umkreist und Spieler in Reichweite von {1} alle {0} Sekunden um {2} ({3}) LP heilt","Etrafında dönen bir bülbül çağırır, her {0} saniyede bir {1} menzilindeki oyuncuları {2} ({3}) can iyileştirir","Evoca un usignolo che ti orbita intorno, curando i giocatori entro un raggio di {1} per {2} ({3}) PV ogni {0} secondi"
ITEM_FANTASY_ROTTEN_PLANT,Rotten Plant,Plante pourrie,腐烂的植物,腐った植物,썩은 식물,腐爛的植物,Гнилое растение,Zgniła roślina,Planta podrida,Planta podre,Verfaulte Pflanze,Çürümüş Bitki,Pianta marcia
ITEM_FANTASY_RUSTY_ARROW,Rusty Arrow,Flèche rouillée,生锈的箭头,錆びた矢,녹슨 화살,生鏽的箭頭,Ржавая стрела,Zardzewiała strzała,Flecha oxidada,Flecha enferrujada,Rostiger Pfeil,Paslı Ok,Freccia arrugginita
ITEM_FANTASY_NUCLEAR_DRUM,Nuclear Drum,Fût nucléaire,核废料桶,核廃棄物ドラム缶,핵폐기물 드럼,核廢料桶,Ядерный барабан,Bęben nuklearny,Barril nuclear,Tambor nuclear,Atommüllfass,Nükleer Varil,Fusto nucleare
EFFECT_FANTASY_EROSION,Attacks have a {0} chance to deal {1} erosion damage.,Les attaques ont {0} de chance d'infliger {1} dégâts d'érosion.,攻击有{0}概率造成{1}的侵蚀伤害,攻撃に{0}%の確率で{1}の侵食ダメージが発生する.,공격 시 {0} 확률로 {1} 침식 피해를 줍니다.,攻擊有{0}機率造成{1}的侵蝕傷害,Атаки имеют шанс {0} нанести {1} урона эрозией.,Ataki mają {0} szans na zadanie {1} obrażeń od erozji.,Los ataques tienen una probabilidad del {0} de infligir {1} de daño por erosión.,Ataques têm {0} de chance de causar {1} de dano de erosão.,"Angriffe haben eine {0}-Chance, {1} Erosionsschaden zu verursachen.",Saldırıların {1} erozyon hasarı verme şansı {0}.,Gli attacchi hanno una probabilità del {0} di infliggere {1} danni da erosione.
EFFECT_FANTASY_EROSION_CAN_CRIT,Erosion damage can crit,Les dégâts d'érosion peuvent être critiques,侵蚀伤害可以暴击,侵食ダメージはクリティカルが発生する,침식 피해는 치명타가 발생할 수 있습니다,侵蝕傷害可以暴擊,Урон эрозией может быть критическим,Obrażenia od erozji mogą być krytyczne,El daño por erosión puede ser crítico,Dano de erosão pode acertar crítico,Erosionsschaden kann kritisieren,Erozyon hasarı kritik vurabilir,I danni da erosione possono essere critici
EFFECT_FANTASY_EROSION_SPEED,{0} Erosion speed,{0} Vitesse d'érosion,{0}侵蚀速度,{0} 侵食速度,{0} 침식 속도,{0}侵蝕速度,{0} Скорость эрозии,{0} Szybkość erozji,{0} Velocidad de erosión,{0} Velocidade de erosão,{0} Erosionsgeschwindigkeit,{0} Erozyon hızı,{0} Velocità di erosione
ITEM_FANTASY_OVERGROWTH,Overgrowth,Croissance excessive,过度生长,過成長,과잉 성장,過度生長,Разрастание,Przerost,Supercrecimiento,Crescimento excessivo,Überwucherung,Aşırı Büyüme,Sovracrescita
ITEM_FANTASY_FORBIDDEN_SPELL,Forbidden Spell,Sort interdit,禁咒,禁呪,금단의 주문,禁咒,Запретное заклинание,Zakazane zaklęcie,Hechizo prohibido,Feitiço proibido,Verbotener Zauber,Yasaklı Büyü,Incantesimo proibito
ITEM_FANTASY_PROMOTION_LETTER,Promotion Letter,Lettre de promotion,晋升文书,昇進書状,승진 서한,晉升文書,Письмо о повышении,List promocyjny,Carta de promoción,Carta de promoção,Beförderungsschreiben,Terfi Mektubu,Lettera di promozione
EFFECT_FANTASY_EXTRA_ELITES_NEXT_WAVE,"When the next wave begins, spawn {0} extra elite enemy","Au début de la prochaine vague, fait apparaître {0} ennemi d'élite supplémentaire","下一波敌袭开始时,额外生成{0}只精英怪","次のウェーブ開始時,エリート敵が追加で{0}体出現する","다음 웨이브 시작 시, 추가로 엘리트 적을 {0}마리 생성합니다","下一波敵襲開始時,額外生成{0}隻菁英怪",В начале следующей волны появляется дополнительно {0} элитных врагов,"Gdy zaczyna się następna fala, pojawia się {0} dodatkowych elitarnych wrogów","Cuando comience la siguiente oleada, aparecen {0} enemigos de élite extra","Quando a próxima onda começar, gera {0} inimigo de elite extra",Zu Beginn der nächsten Welle erscheinen {0} zusätzliche Elitegegner,Bir sonraki dalga başladığında fazladan {0} elit düşman ortaya çıkar,"All'inizio della prossima ondata, genera {0} nemici d'élite extra"
ITEM_FANTASY_MAGIC_SWORD,Magic Sword,Épée magique,魔剑,マジックソード,마법검,魔劍,Волшебный меч,Magiczny miecz,Espada mágica,Espada mágica,Magisches Schwert,Sihirli Kılıç,Spada magica
FANTASY_MAGIC_SWORD_NAME,Magic Sword,Épée magique,魔剑,マジックソード,마법검,魔劍,Волшебный меч,Magiczny miecz,Espada mágica,Espada mágica,Magisches Schwert,Sihirli Kılıç,Spada magica
FANTASY_MAGIC_SWORD_BEHAVIOUR_DESCRIPTION,Guards the player and chains up to 3 flying slashes against nearby enemies. Each magic sword summons 1 guard blade that thrusts at enemies within 350 range every 1.5 seconds.,"Protège le joueur et enchaîne jusqu'à 3 entailles volantes contre les ennemis proches. Chaque épée magique invoque 1 lame gardienne qui transperce les ennemis à 350 de portée toutes les 1,5 secondes.","护卫玩家,对附近敌人最多连续飞斩3次。每把魔剑会召唤1把护卫子剑,子剑每1.5秒突刺350范围内的敌人。","プレイヤーを護衛し,近くの敵に最大3回の連続飛翔斬りを行う。魔剣1本につき護衛剣を1本召喚し,1.5秒ごとに350範囲内の敵を突き刺す。","플레이어를 호위하며 주변 적에게 최대 3회의 연속 비행 참격을 가합니다. 마법검 하나마다 호위검 1개를 소환하며, 호위검은 1.5초마다 350 범위 내 적을 찌릅니다.","護衛玩家,對附近敵人最多連續飛斬3次。每把魔劍會召喚1把護衛子劍,子劍每1.5秒突刺350範圍內的敵人。","Охраняет игрока и выполняет до 3 летящих атак подряд по ближайшим врагам. Каждый волшебный меч призывает 1 клинок-страж, который раз в 1,5 секунды пронзает врагов в радиусе 350.","Chroni gracza i wykonuje do 3 kolejnych latających cięć przeciw pobliskim wrogom. Każdy magiczny miecz przywołuje 1 ostrze strażnicze, które co 1,5 sekundy przebija wrogów w zasięgu 350.","Protege al jugador y encadena hasta 3 tajos voladores contra enemigos cercanos. Cada espada mágica invoca 1 espada guardiana que perfora enemigos a 350 de alcance cada 1,5 segundos.","Protege o jogador e encadeia até 3 cortes voadores contra inimigos próximos. Cada espada mágica invoca 1 lâmina guardiã que perfura inimigos a 350 de alcance a cada 1,5 segundos.","Beschützt den Spieler und führt bis zu 3 fliegende Kettenhiebe gegen nahe Gegner aus. Jedes magische Schwert beschwört 1 Wächterklinge, die alle 1,5 Sekunden Gegner in 350 Reichweite durchbohrt.","Oyuncuyu korur ve yakındaki düşmanlara en fazla 3 zincirleme uçan kesiş yapar. Her sihirli kılıç, 1,5 saniyede bir 350 menzildeki düşmanları delen 1 muhafız kılıç çağırır.","Protegge il giocatore e concatena fino a 3 fendenti volanti contro i nemici vicini. Ogni spada magica evoca 1 lama guardiana che trafigge i nemici entro 350 ogni 1,5 secondi."
FANTASY_PET_AFFECTED_PLAYER_STATS,This pet is affected by the following player stats:,Ce familier est affecté par les statistiques suivantes du joueur:,这个宠物受到玩家以下属性的影响:,このペットはプレイヤーの以下のステータスの影響を受ける:,이 펫은 플레이어의 다음 능력치에 영향을 받습니다:,這個寵物受到玩家以下屬性的影響:,На этого питомца влияют следующие характеристики игрока:,Na tego towarzysza wpływają następujące statystyki gracza:,Esta mascota se ve afectada por las siguientes estadísticas del jugador:,Este pet é afetado pelos seguintes atributos do jogador:,Dieses Haustier wird von den folgenden Spielerwerten beeinflusst:,Bu evcil hayvan oyuncunun şu özelliklerinden etkilenir:,Questo famiglio è influenzato dalle seguenti statistiche del giocatore:
FANTASY_PET_STAT_SCOPE_PRIMARY_ATTACK,(primary attack only),(attaque principale uniquement),(仅主剑),(主剣のみ),(주 검만),(僅主劍),(только основной клинок),(tylko główny atak),(solo ataque principal),(apenas ataque principal),(nur Hauptangriff),(yalnızca ana saldırı),(solo attacco principale)
FANTASY_WANDERING_RANGED_PET_BEHAVIOUR,"Flies around the player, attacking enemies by firing projectiles",Vole autour du joueur et attaque les ennemis en tirant des projectiles,围绕玩家飞行并发射投射物攻击敌人,プレイヤーの周囲を飛び投射物で敵を攻撃する,플레이어 주위를 날며 투사체를 발사해 적을 공격합니다,圍繞玩家飛行並發射投射物攻擊敵人,Летает вокруг игрока и атакует врагов снарядами,Lata wokół gracza i atakuje wrogów pociskami,Vuela alrededor del jugador y ataca a los enemigos con proyectiles,Voa ao redor do jogador e ataca inimigos com projéteis,Fliegt um den Spieler und greift Gegner mit Projektilen an,Oyuncunun etrafında uçar ve mermilerle düşmanlara saldırır,Vola intorno al giocatore e attacca i nemici con proiettili
FANTASY_FOLLOW_RANGED_PET_BEHAVIOUR,"Chases enemies within range, attacks with projectiles, and returns to the player when out of range","Poursuit les ennemis à portée, attaque avec des projectiles et revient vers le joueur hors de portée",追击范围内的敌人并发射投射物攻击，超出范围时返回玩家身边,範囲内の敵を追跡して投射物で攻撃し範囲外ではプレイヤーの元へ戻る,범위 안의 적을 추격해 투사체로 공격하고 범위를 벗어나면 플레이어에게 돌아옵니다,追擊範圍內的敵人並發射投射物攻擊，超出範圍時返回玩家身邊,Преследует врагов в радиусе действия и возвращается к игроку за его пределами,Ściga wrogów w zasięgu i wraca do gracza poza zasięgiem,Persigue a los enemigos al alcance y vuelve al jugador cuando salen del alcance,Persegue inimigos ao alcance e retorna ao jogador quando saem do alcance,Verfolgt Gegner in Reichweite und kehrt außerhalb der Reichweite zum Spieler zurück,Menzildeki düşmanları kovalar ve menzil dışında oyuncuya döner,Insegue i nemici a portata e torna dal giocatore fuori portata
FANTASY_TACTICAL_GLOBAL_PET_BEHAVIOUR,Follows the player. Periodically attacks up to 8 enemies with the highest health. Killing an enemy resets all other pets' cooldowns,Suit le joueur. Attaque périodiquement jusqu'à 8 ennemis ayant le plus de PV. Tuer un ennemi réinitialise le temps de recharge de tous les autres familiers,跟随玩家，周期性攻击至多8个生命值最高的敌人；击杀敌人会重置其他所有宠物的冷却时间,プレイヤーに追従し周期的にHPの高い敵を最大8体攻撃する。敵を倒すと自身を除く全ペットのクールダウンをリセットする,플레이어를 따라다니며 주기적으로 체력이 가장 높은 적을 최대 8명 공격합니다. 적을 처치하면 자신을 제외한 모든 펫의 재사용 대기시간이 초기화됩니다,跟隨玩家，週期性攻擊至多8個生命值最高的敵人；擊殺敵人會重置其他所有寵物的冷卻時間,Следует за игроком и периодически атакует до 8 врагов с наибольшим здоровьем. Убийство сбрасывает перезарядку всех остальных питомцев,Podąża za graczem i okresowo atakuje do 8 wrogów z największym zdrowiem. Zabójstwo resetuje czas odnowienia wszystkich pozostałych pupili,Sigue al jugador y ataca periódicamente hasta a 8 enemigos con más vida. Matar a un enemigo reinicia el enfriamiento de todas las demás mascotas,Segue o jogador e ataca periodicamente até 8 inimigos com mais vida. Matar um inimigo reinicia a recarga de todos os outros pets,Folgt dem Spieler und greift regelmäßig bis zu 8 Gegner mit den höchsten LP an. Ein Kill setzt die Abklingzeit aller anderen Haustiere zurück,Oyuncuyu takip eder ve düzenli olarak en yüksek cana sahip 8 düşmana saldırır. Bir düşman öldürmek diğer tüm evcil hayvanların bekleme süresini sıfırlar,Segue il giocatore e attacca periodicamente fino a 8 nemici con più salute. Uccidere un nemico azzera la ricarica di tutti gli altri famigli
EFFECT_FANTASY_PET_MAGIC_SWORD,"Summons a magic sword that chains up to 3 flying slashes against enemies within {1} range, dealing {2} ({3}) damage. Its guard blade thrusts within 350 range every 1.5 seconds with 30 knockback.","Invoque une épée magique qui enchaîne jusqu'à 3 entailles volantes contre les ennemis à {1} de portée, infligeant {2} ({3}) dégâts. Sa lame gardienne transperce les ennemis à 350 de portée toutes les 1,5 secondes avec 30 de recul.","召唤一把魔剑,对{1}范围内的敌人最多连续飞斩3次,造成{2}({3})伤害。护卫子剑每1.5秒突刺350范围内的敌人,击退30。","魔剣を召喚し,{1}の範囲内の敵に最大3回の連続飛翔斬りで{2}({3})ダメージを与える。護衛剣は1.5秒ごとに350の範囲内を突き刺し,ノックバック30。",마법검을 소환하여 {1} 범위 내 적에게 최대 3회의 연속 비행 참격으로 {2}({3}) 피해를 줍니다. 호위검은 1.5초마다 350 범위 내 적을 찌르고 30만큼 밀쳐냅니다.,"召喚一把魔劍,對{1}範圍內的敵人最多連續飛斬3次,造成{2}({3})傷害。護衛子劍每1.5秒突刺350範圍內的敵人,擊退30。","Призывает волшебный меч, который выполняет до 3 летящих атак по врагам в радиусе {1} и наносит {2} ({3}) урона. Клинок-страж раз в 1,5 секунды пронзает врагов в радиусе 350 с отбрасыванием 30.","Przywołuje magiczny miecz, który wykonuje do 3 latających cięć przeciw wrogom w zasięgu {1} i zadaje {2} ({3}) obrażeń. Ostrze strażnicze co 1,5 sekundy przebija wrogów w zasięgu 350 z odrzutem 30.","Invoca una espada mágica que encadena hasta 3 tajos voladores contra enemigos a {1} de alcance e inflige {2} ({3}) de daño. Su espada guardiana perfora a enemigos a 350 de alcance cada 1,5 segundos con 30 de retroceso.","Invoca uma espada mágica que encadeia até 3 cortes voadores contra inimigos a {1} de alcance e causa {2} ({3}) de dano. Sua lâmina guardiã perfura inimigos a 350 de alcance a cada 1,5 segundos com 30 de recuo.","Beschwört ein magisches Schwert, das Gegner in {1} Reichweite mit bis zu 3 fliegenden Kettenhieben trifft und {2} ({3}) Schaden verursacht. Seine Wächterklinge durchbohrt alle 1,5 Sekunden Gegner in 350 Reichweite mit 30 Rückstoß.","{1} menzildeki düşmanlara en fazla 3 zincirleme uçan kesişle {2} ({3}) hasar veren bir sihirli kılıç çağırır. Muhafız kılıç her 1,5 saniyede 350 menzildeki düşmanları 30 geri itmeyle deler.","Evoca una spada magica che concatena fino a 3 fendenti volanti contro i nemici entro {1} di portata, infliggendo {2} ({3}) danni. La lama guardiana trafigge i nemici entro 350 ogni 1,5 secondi con 30 di contraccolpo."
ITEM_FANTASY_SACRIFICIAL_OFFERING,Sacrificial Offering,Offrande sacrificielle,仪式祭品,生贄の供物,제물,儀式祭品,Жертвенное подношение,Ofiara sakralna,Ofrenda sacrificial,Oferenda sacrificial,Opfergabe,Kurban Adağı,Offerta sacrificale
EFFECT_FANTASY_EXTRA_CURSE_ITEM,"Items and weapons have an additional {0} chance to be cursed
{1}","Les objets et les armes ont {0} de chances supplémentaires d'être maudits
{1}","道具和武器有额外{0}概率被诅咒
{1}","アイテムと武器が呪われる確率が追加で{0}%上昇
{1}","아이템과 무기에 추가로 {0} 확률로 저주가 부여됩니다
{1}","道具和武器有額外{0}機率被詛咒
{1}","Предметы и оружие имеют дополнительный {0} шанс быть проклятыми
{1}","Przedmioty i broń mają dodatkowe {0} szans na bycie przeklętymi
{1}","Los objetos y armas tienen una probabilidad adicional del {0} de ser maldecidos
{1}","Itens e armas têm uma chance adicional de {0} de serem amaldiçoados
{1}","Gegenstände und Waffen haben eine zusätzliche {0}-Chance, verflucht zu werden
{1}","Eşyaların ve silahların lanetlenme şansı ek olarak {0}
{1}","Oggetti e armi hanno un'ulteriore probabilità del {0} di essere maledetti
{1}"
ITEM_FANTASY_HEX_BUG,Hex Bug,Insecte maléfique,蛊虫,呪い虫,저주벌레,蠱蟲,Колдовской жук,Robal przeklęty,Bicho maléfico,Inseto amaldiçoado,Fluchkäfer,Uğursuz Böcek,Insetto maledetto
ITEM_FANTASY_SOUL_LINK,Soul Link,Lien d'âme,灵魂链接,ソウルリンク,영혼 연결,靈魂鏈接,Связь душ,Więź dusz,Vínculo de alma,Vínculo de alma,Seelenverbindung,Ruh Bağı,Legame d'anima
EFFECT_FANTASY_SOUL_BONUS,{0} bonus from souls,{0} bonus des âmes,{0}魂给与的增幅,魂による{0}ボーナス,영혼으로 인한 {0} 보너스,{0}魂給與的增幅,{0} бонус от душ,{0} premii z dusz,{0} bonificación de almas,{0} de bônus das almas,{0} Bonus von Seelen,Ruhlardan gelen {0} bonus,{0} bonus dalle anime
ITEM_FANTASY_HOLY_WATER,Holy Water,Eau bénite,圣水,聖水,성수,聖水,Святая вода,Woda święcona,Agua bendita,Água benta,Weihwasser,Kutsal Su,Acqua santa
ITEM_FANTASY_WHITE_FOX,White Fox,Renard blanc,白狐,白狐,흰여우,白狐,Белая лиса,Biały lis,Zorro blanco,Raposa branca,Weißer Fuchs,Beyaz Tilki,Volpe bianca
FANTASY_WHITE_FOX_NAME,White Fox,Renard blanc,白狐,白狐,흰여우,白狐,Белая лиса,Biały lis,Zorro blanco,Raposa branca,Weißer Fuchs,Beyaz Tilki,Volpe bianca
EFFECT_FANTASY_PET_WHITE_FOX,"Summons a white fox to pursue enemies within a range of {1}, fires an ice spear with an initial 1 pierce, dealing {2} ({3}) damage","Invoque un renard blanc qui poursuit les ennemis dans un rayon de {1}, tire une lance de glace avec 1 perforation initiale, infligeant {2} ({3}) dégâts","召唤一只白狐追击范围{1}内的敌人,每{0}秒发射一枚初始自带1贯穿的冰锥,造成{2}({3})伤害","範囲{1}内の敵を追跡する白狐を召喚.初期貫通1の氷の槍を発射し,{2}({3})ダメージを与える",범위 {1} 내의 적을 추적하는 흰여우를 소환합니다. {0}초마다 기본 관통 1을 가진 얼음 창을 발사하여 {2}({3}) 피해를 줍니다,"召喚一隻白狐追擊範圍{1}內的敵人,每{0}秒發射一枚初始自帶1貫穿的冰錐,造成{2}({3})傷害","Призывает белую лису, преследующую врагов в радиусе {1}, выпускает ледяное копье с начальным пробитием 1, нанося {2} ({3}) урона","Przywołuje białego lisa, który goni wrogów w zasięgu {1}, wystrzeliwuje lodową włócznię z początkową 1 przebiciem, zadając {2} ({3}) obrażeń","Invoca un zorro blanco para perseguir a los enemigos en un rango de {1}, dispara una lanza de hielo con 1 perforación inicial, infligiendo {2} ({3}) de daño","Invoca uma raposa branca para perseguir inimigos em um raio de {1}, dispara uma lança de gelo com 1 perfuração inicial, causando {2} ({3}) de dano","Beschwört einen weißen Fuchs, der Gegner in Reichweite von {1} jagt, feuert einen Eisspeer mit anfänglich 1 Durchschlag, verursacht {2} ({3}) Schaden","{1} menzilindeki düşmanları kovalayan beyaz bir tilki çağırır, başlangıçta 1 delmeye sahip bir buz mızrağı atar ve {2} ({3}) hasar verir","Evoca una volpe bianca che insegue i nemici entro un raggio di {1}, spara una lancia di ghiaccio con perforazione 1 iniziale, infliggendo {2} ({3}) danni"
ITEM_FANTASY_SECLUDED_PARADISE,Secluded Paradise,Paradis isolé,世外桃源,隠れ里,은둔의 낙원,世外桃源,Уединенный рай,Odosobniony raj,Paraíso apartado,Paraíso isolado,Abgeschiedenes Paradies,Saklı Cennet,Paradiso isolato
EFFECT_FANTASY_GAIN_STAT_EVERY_KILLED_ENEMIES,Gains {0} {1} for every {2} enemies killed,Gagne {0} {1} pour chaque {2} ennemis tués,每击杀{2}名敌人{0}{1},{2}体の敵を倒すごとに{0}{1}を得る,적 {2}마리를 처치할 때마다 {0} {1}을(를) 얻습니다,每擊殺{2}名敵人{0}{1},Получает {0} {1} за каждых {2} убитых врагов,Zyskuje {0} {1} za każde {2} zabitych wrogów,Gana {0} {1} por cada {2} enemigos asesinados,Ganha {0} {1} para cada {2} inimigos mortos,Erhält {0} {1} für je {2} getötete Gegner,Her {2} düşman öldürmede {0} {1} kazanır,Guadagna {0} {1} per ogni {2} nemici uccisi
EFFECT_FANTASY_GAIN_TEMP_STAT_EVERY_KILLED_ENEMIES,"Gains {0} {1} for every {2} enemies killed, until the end of the wave","Gagne {0} {1} pour chaque {2} ennemis tués, jusqu'à la fin de la vague","每击杀{2}名敌人{0}{1},直至敌袭结束",{2}体の敵を倒すごとに{0}{1}を得る(ウェーブ終了まで),적 {2}마리를 처치할 때마다 {0} {1}을(를) 웨이브가 끝날 때까지 얻습니다,"每擊殺{2}名敵人{0}{1},直至敵襲結束",Получает {0} {1} за каждых {2} убитых врагов до конца волны,"Zyskuje {0} {1} za każde {2} zabitych wrogów, do końca fali","Gana {0} {1} por cada {2} enemigos asesinados, hasta el final de la oleada","Ganha {0} {1} para cada {2} inimigos mortos, até o fim da onda","Erhält {0} {1} für je {2} getötete Gegner, bis zum Ende der Welle",Dalga sonuna kadar her {2} düşman öldürmede {0} {1} kazanır,"Guadagna {0} {1} per ogni {2} nemici uccisi, fino alla fine dell'ondata"
HIT_PROTECTION,Nullify Damage,Annulation des dégâts,伤害无效,ダメージ無効化,피해 무효화,傷害無效,Обнуление урона,Unieważnienie obrażeń,Anular daño,Anular dano,Schaden negieren,Hasarı Geçersiz Kıl,Annulla danno
EFFECT_FANTASY_DECAYING_SLOW_ENEMY_WHEN_BELOW_HP,"Slows enemies by {2} for {1} seconds when your HP drops below {0}, up to {3} times per wave","Ralentit les ennemis de {2} pendant {1} secondes lorsque vos PV tombent en dessous de {0}, jusqu'à {3} fois par vague","敌袭内生命值降低到{0}以下时,{2}敌人速度持续{1}秒,每次敌袭可触发{3}次","HPが{0}を下回ると,敵を{2}減速させ{1}秒間持続.ウェーブごとに最大{3}回",체력이 {0} 미만으로 떨어지면 적을 {1}초 동안 {2} 감속시킵니다. 웨이브당 최대 {3}회,"敵襲內生命值降低到{0}以下時,{2}敵人速度持續{1}秒,每次敵襲可觸發{3}次","Замедляет врагов на {2} на {1} секунд, когда ваше ОЗ падает ниже {0}, до {3} раз за волну","Spowalnia wrogów o {2} na {1} sekund, gdy twoje PŻ spadnie poniżej {0}, do {3} razy na falę","Ralentiza a los enemigos en {2} durante {1} segundos cuando tu Vida cae por debajo de {0}, hasta {3} veces por oleada","Reduz a velocidade dos inimigos em {2} por {1} segundos quando sua Vida cai abaixo de {0}, até {3} vezes por onda","Verlangsamt Gegner um {2} für {1} Sekunden, wenn deine LP unter {0} fallen, bis zu {3} Mal pro Welle","Canın {0}ın altına düştüğünde düşmanları {1} saniyeliğine {2} yavaşlatır, dalga başına en fazla {3} kere","Rallenta i nemici del {2} per {1} secondi quando i tuoi PV scendono sotto {0}, fino a {3} volte a ondata"
ITEM_FANTASY_SILVER_POCKET_WATCH,Silver Pocket Watch,Montre de poche en argent,银怀表,銀の懐中時計,은 회중시계,銀懷錶,Серебряные карманные часы,Srebrny zegarek kieszonkowy,Reloj de bolsillo de plata,Relógio de bolso de prata,Silberne Taschenuhr,Gümüş Cep Saati,Orologio da tasca d'argento
ITEM_FANTASY_WOLF_TOTEM,Wolf Totem,Totem du loup,狼图腾,狼のトーテム,늑대 토템,狼圖騰,Волчий тотем,Totem wilka,Tótem de lobo,Totem de lobo,Wolfs-Totem,Kurt Totemi,Totem del lupo
FANTASY_WOLF_TOTEM_NAME,Wolf God,Dieu loup,狼神,狼神,늑대 신,狼神,Волчий бог,Wilczy bóg,Dios lobo,Deus lobo,Wolfsgott,Kurt Tanrı,Dio lupo
EFFECT_FANTASY_PET_WOLF_TOTEM,Summons a Wolf God to deal {2} ({3}) damage to up to 8 enemies with the highest health every {0}s. Killing an enemy resets all pets' cooldowns (not including Wolf God),Invoque un Dieu loup pour infliger {2} ({3}) dégâts à jusqu'à 8 ennemis ayant le plus de PV toutes les {0}s. Tuer un ennemi réinitialise le temps de recharge de tous les familiers (sauf Dieu loup),"召唤狼神跟随玩家, 每{0}秒对场上至多8个生命值最高的敌人造成造成{2}({3})伤害, 杀死敌人时, 立即重置所有宠物的冷却时间(不包括狼神)","狼神を召喚し,{0}秒ごとに最もHPの高い敵最大8体に{2}({3})ダメージを与える.敵を倒すと,狼神を除く全ペットのクールダウンがリセットされる",늑대 신을 소환하여 {0}초마다 가장 체력이 높은 최대 8명의 적에게 {2}({3}) 피해를 줍니다. 적을 처치하면 늑대 신을 제외한 모든 펫의 재사용 대기 시간이 초기화됩니다,"召喚狼神跟隨玩家,每{0}秒對場上至多8個生命值最高的敵人造成{2}({3})傷害,殺死敵人時,立即重置所有寵物的冷卻時間(不包括狼神)","Призывает Бога-волка, наносящего {2} ({3}) урона до 8 врагам с наибольшим здоровьем каждые {0} с. Убийство врага сбрасывает перезарядку всех питомцев (кроме Бога-волка)","Przywołuje Wilczego Boga, który co {0} s zadaje {2} ({3}) obrażeń maks. 8 wrogom z najwyższym zdrowiem. Zabicie wroga resetuje czas odnowienia wszystkich pupili (nie Wilczego Boga)",Invoca un Dios lobo para infligir {2} ({3}) de daño a hasta 8 enemigos con la vida más alta cada {0}s. Matar a un enemigo reinicia el enfriamiento de todas las mascotas (sin incluir al Dios lobo),Invoca um Deus Lobo que causa {2} ({3}) de dano a até 8 inimigos com a vida mais alta a cada {0}s. Matar um inimigo reinicia a recarga de todos os pets (exceto o Deus Lobo),"Beschwört einen Wolfsgott, der alle {0}s {2} ({3}) Schaden an bis zu 8 Gegnern mit den höchsten LP verursacht. Das Töten eines Gegners setzt die Abklingzeit aller Haustiere zurück (außer Wolfsgott)","Her {0} saniyede en yüksek cana sahip 8 düşmana {2} ({3}) hasar vermesi için bir Kurt Tanrı çağırır. Bir düşman öldürmek, Kurt Tanrı hariç tüm evcil hayvanların bekleme süresini sıfırlar",Evoca un Dio Lupo per infliggere {2} ({3}) danni a un massimo di 8 nemici con la salute più alta ogni {0}s. Uccidere un nemico azzera la ricarica di tutti i famigli (escluso il Dio Lupo)
FANTASY_WORLD_TREE_NAME,World Tree,Arbre-Monde,世界树,世界樹,세계수,世界樹,Мировое Древо,Drzewo Świata,Árbol del Mundo,Árvore do Mundo,Weltenbaum,Dünya Ağacı,Albero del Mondo
FANTASY_WORLD_TREE_BEHAVIOUR_DESCRIPTION,"Mutation 0:
Immobilized. The player is forced to spawn at the exact center of the map. If the player does not move in time, they will be pushed aside by the World Tree and take collision damage. A massive amount of leaf projectiles will continuously and slowly fall from the top of the screen; their spawn points and drifting angles are randomized.

Mutation 1 (50% HP / 40 s):
The attack pattern shifts: the entity repeatedly summons flower-shaped patterns consisting of six petals in the surrounding area. Simultaneously, it fires five light beams outward at equal angular intervals.","Mutation 0 :
Immobilisé. Le joueur est forcé d'apparaître exactement au centre de la carte. S'il ne s'écarte pas à temps, il sera repoussé par l'Arbre-Monde et subira des dégâts de collision. Une quantité massive de projectiles en forme de feuille tombera continuellement et lentement du haut de l'écran ; leurs points d'apparition et angles de dérive sont aléatoires.

Mutation 1 (50% PV / 40 s) :
Le schéma d'attaque change : l'entité invoque à plusieurs reprises des motifs floraux composés de six pétales dans la zone environnante. Simultanément, elle émet cinq faisceaux lumineux à intervalles angulaires égaux.","异变0:
无法移动,强制出生在地图最中央,如果玩家不及时移动会被世界树挤开并且受到碰撞伤害,地图正上方持续缓慢落下大量落叶弹幕,落叶出现的位置和飘落的角度随机

异变1 (50%生命 / 40秒):
攻击方式变为在周围反复召唤六片花瓣构成的花型弹幕,同时自身向外发射五条等角度间隔的光束","変異0:
移動不可.プレイヤーはマップの正確な中央に強制配置される.プレイヤーがすぐに移動しない場合,世界樹に押しのけられ衝突ダメージを受ける.画面上部から大量の葉の投射物が継続的かつゆっくりと降り注ぐ.発生位置と漂う角度はランダム.

変異1 (HP50% / 40秒):
攻撃パターンが変化:エンティティは周囲に6枚の花弁からなる花形パターンを繰り返し召喚する.同時に,等角度間隔で5本の光線を外側に発射する.","변이 0:
고정됨. 플레이어는 맵의 정확한 중앙에서 생성되도록 강제됩니다. 플레이어가 제때 이동하지 않으면 세계수에 밀려나며 충돌 피해를 받습니다. 엄청난 양의 잎 투사체가 화면 상단에서 지속적으로 천천히 떨어집니다. 생성 위치와 표류 각도는 무작위입니다.

변이 1 (체력 50% / 40초):
공격 패턴이 변경됩니다: 개체가 주변 지역에 여섯 개의 꽃잎으로 구성된 꽃 모양 패턴을 반복적으로 소환합니다. 동시에, 동일한 각도 간격으로 다섯 개의 광선을 바깥으로 발사합니다.","異變0:
無法移動,強制出生在地圖最中央,如果玩家不及時移動會被世界樹擠開並且受到碰撞傷害,地圖正上方持續緩慢落下大量落葉彈幕,落葉出現的位置和飄落的角度隨機

異變1 (50%生命 / 40秒):
攻擊方式變為在周圍反覆召喚六片花瓣構成的花型彈幕,同時自身向外發射五條等角度間隔的光束","Мутация 0:
Обездвижено. Игрок принудительно появляется точно в центре карты. Если не уйти вовремя, Мировое Древо оттолкнет его и нанесет урон столкновением. Огромное количество листьев-снарядов будет непрерывно и медленно падать с верхней части экрана; точки появления и углы дрейфа случайны.

Мутация 1 (50% ОЗ / 40 с):
Смена атаки: сущность многократно призывает вокруг себя цветочные узоры из шести лепестков. Одновременно испускает пять световых лучей наружу через равные угловые промежутки.","Mutacja 0:
Unieruchomione. Gracz jest zmuszony pojawić się dokładnie na środku mapy. Jeśli gracz nie odsunie się na czas, zostanie odepchnięty przez Drzewo Świata i otrzyma obrażenia od kolizji. Ogromna ilość pocisków w kształcie liści będzie stale i powoli spadać z góry ekranu; ich punkty pojawienia się i kąty dryfu są losowe.

Mutacja 1 (50% PŻ / 40 s):
Zmiana ataku: istota wielokrotnie przywołuje w okolicy wzory w kształcie kwiatów złożone z sześciu płatków. Jednocześnie wystrzeliwuje na zewnątrz pięć promieni świetlnych w równych odstępach kątowych.","Mutación 0:
Inmovilizado. El jugador es forzado a aparecer en el centro exacto del mapa. Si no se aparta a tiempo, será empujado por el Árbol del Mundo y recibirá daño por colisión. Una cantidad masiva de proyectiles de hojas caerán continua y lentamente desde la parte superior de la pantalla; sus puntos de aparición y ángulos de deriva son aleatorios.

Mutación 1 (50% Vida / 40 s):
El patrón de ataque cambia: la entidad invoca repetidamente patrones en forma de flor compuestos por seis pétalos en el área circundante. Simultáneamente, dispara cinco rayos de luz hacia afuera en intervalos angulares iguales.","Mutação 0:
Imobilizada. O jogador é forçado a surgir exatamente no centro do mapa. Se o jogador não se mover a tempo, será empurrado pela Árvore do Mundo e sofrerá dano de colisão. Uma quantidade massiva de projéteis de folha cairá contínua e lentamente do topo da tela; seus pontos de surgimento e ângulos de deriva são aleatórios.

Mutação 1 (50% PV / 40 s):
O padrão de ataque muda: a entidade repetidamente invoca padrões em forma de flor compostos por seis pétalas na área ao redor. Simultaneamente, dispara cinco feixes de luz para fora em intervalos angulares iguais.","Mutation 0:
Bewegungsunfähig. Der Spieler wird gezwungen, genau in der Mitte der Karte zu erscheinen. Weicht der Spieler nicht rechtzeitig zurück, wird er vom Weltenbaum beiseite geschoben und erleidet Kollisionsschaden. Eine gewaltige Menge an Blattprojektilen fällt kontinuierlich und langsam vom oberen Bildschirmrand; ihre Erscheinungspunkte und Driftwinkel sind zufällig.

Mutation 1 (50% LP / 40 s):
Das Angriffsmuster ändert sich: Die Entität beschwört wiederholt blütenförmige Muster aus sechs Blütenblättern in der Umgebung. Gleichzeitig feuert sie fünf Lichtstrahlen in gleichmäßigen Winkelabständen nach außen.","Mutasyon 0:
Hareketsiz. Oyuncu tam haritanın ortasında doğmaya zorlanır. Oyuncu zamanında hareket etmezse Dünya Ağacı tarafından itilir ve çarpışma hasarı alır. Ekranın üstünden sürekli ve yavaşça büyük miktarda yaprak mermisi düşer; çıkış noktaları ve süzülme açıları rastgeledir.

Mutasyon 1 (%50 Can / 40 sn):
Saldırı düzeni değişir: varlık, çevredeki alanda altı yapraktan oluşan çiçek şeklindeki desenleri tekrar tekrar çağırır. Aynı anda, eşit açısal aralıklarla dışarıya doğru beş ışık huzmesi ateşler.","Mutazione 0:
Immobilizzato. Il giocatore è costretto a generarsi esattamente al centro della mappa. Se non si sposta in tempo, verrà spinto via dall'Albero del Mondo e subirà danni da collisione. Una quantità massiccia di proiettili a forma di foglia cadrà continuamente e lentamente dalla parte superiore dello schermo; i loro punti di comparsa e gli angoli di deriva sono casuali.

Mutazione 1 (50% PV / 40 s):
Lo schema d'attacco cambia: l'entità evoca ripetutamente motivi floreali composti da sei petali nell'area circostante. Contemporaneamente, spara cinque raggi di luce verso l'esterno a intervalli angolari uguali."
FANTASY_MAPLE_WOLF_KING_NAME,Maple Wolf King,Roi des loups érables,枫狼王,メイプルウルフキング,단풍 늑대 왕,楓狼王,Король кленовых волков,Król klonowych wilków,Rey lobo de arce,Rei Lobo de Bordo,Ahornwolf-König,Akçaağaç Kurt Kralı,Re Lupo d'Acero
FANTASY_MAPLE_WOLF_KING_BEHAVIOUR_DESCRIPTION,"Mutation 0:
Pursues the player, using a double-claw attack. Each claw slash generates a maple-leaf-shaped blade light. Remains stationary during slashes, and performs a dash at the end.

Mutation 1 (67% HP / 25s):
Stands still and performs a wolf howl for 2 seconds upon entering this phase, summoning 12 Maple Wolves at the 1-second mark. Subsequent attack patterns are the same as Mutation 0.

Mutation 2 (33% HP / 50s):
Movement speed is significantly increased. Attacks change to a five-claw attack but will not dash. Summons 5 Maple Wolves at the end of the slash sequence.","Mutation 0 :
Poursuit le joueur, utilisant une double attaque de griffes. Chaque coup de griffe génère une lumière de lame en forme de feuille d'érable. Reste immobile pendant les coups et effectue une ruée à la fin.

Mutation 1 (67% PV / 25s) :
S'immobilise et pousse un hurlement de loup pendant 2 secondes en entrant dans cette phase, invoquant 12 Loups érables au bout d'1 seconde. Les schémas d'attaque suivants sont identiques à la Mutation 0.

Mutation 2 (33% PV / 50s) :
La vitesse de déplacement est considérablement augmentée. Les attaques passent à cinq coups de griffe mais sans ruée. Invoque 5 Loups érables à la fin de la séquence de coups.","异变0:
追击玩家,使用二连挥爪攻击,每次挥爪产生枫叶形的刀光,挥爪时不会移动,结束时发起冲刺

异变1 (67%生命 / 25秒):
进入该阶段时静止狼嚎2秒,在1秒时召唤12只枫狼,后续攻击方式和异变0一致

异变2 (33%生命 / 50秒):
移速大幅度提高,攻击方式变为五连挥爪攻击,但不会冲刺,挥爪结束时召唤5只枫狼","変異0:
プレイヤーを追跡し,二連の爪攻撃を使う.各爪撃はカエデの葉形の剣閃を発生させる.爪撃中は静止し,終了時にダッシュする.

変異1 (HP67% / 25秒):
このフェーズに移行すると,2秒間静止して遠吠えし,1秒経過時にメイプルウルフを12体召喚する.その後の攻撃パターンは変異0と同じ.

変異2 (HP33% / 50秒):
移動速度が大幅に上昇.攻撃は五連爪撃に変化するが,ダッシュはしない.爪撃シーケンスの終了時にメイプルウルフを5体召喚する.","변이 0:
플레이어를 추적하며 이중 발톱 공격을 사용합니다. 각 발톱 공격은 단풍잎 모양의 검기를 생성합니다. 공격 중에는 정지해 있으며, 마지막에 돌진을 합니다.

변이 1 (체력 67% / 25초):
이 국면에 진입하면 2초 동안 정지하여 늑대 울음을 하며, 1초 시점에 12마리의 메이플 울프를 소환합니다. 이후 공격 패턴은 변이 0과 동일합니다.

변이 2 (체력 33% / 50초):
이동 속도가 대폭 증가합니다. 공격은 5연속 발톱 공격으로 변경되지만 돌진하지는 않습니다. 공격 종료 시 5마리의 메이플 울프를 소환합니다.","異變0:
追擊玩家,使用二連揮爪攻擊,每次揮爪產生楓葉形的刀光,揮爪時不會移動,結束時發起衝刺

異變1 (67%生命 / 25秒):
進入該階段時靜止狼嚎2秒,在1秒時召喚12隻楓狼,後續攻擊方式和異變0一致

異變2 (33%生命 / 50秒):
移速大幅度提高,攻擊方式變為五連揮爪攻擊,但不會衝刺,揮爪結束時召喚5隻楓狼","Мутация 0:
Преследует игрока, используя двойную атаку когтями. Каждый удар когтем создает мечевой всполох в форме кленового листа. Остается неподвижным во время ударов и совершает рывок в конце.

Мутация 1 (67% ОЗ / 25с):
При входе в фазу замирает на 2 секунды, издавая волчий вой, призывая 12 Кленовых волков на 1-й секунде. Последующие атаки такие же, как в Мутации 0.

Мутация 2 (33% ОЗ / 50с):
Скорость передвижения значительно увеличивается. Атаки меняются на пятиудар когтями, но без рывка. Призывает 5 Кленовых волков в конце серии ударов.","Mutacja 0:
Ściga gracza, używając podwójnego ataku pazurami. Każde cięcie pazurami generuje błysk ostrza w kształcie liścia klonu. Podczas ciosów pozostaje nieruchomy, a na koniec wykonuje doskok.

Mutacja 1 (67% PŻ / 25 s):
Staje nieruchomo i wyje przez 2 sekundy po wejściu w tę fazę, przywołując 12 Klonowych Wilków w 1. sekundzie. Kolejne wzorce ataków są takie same jak w Mutacji 0.

Mutacja 2 (33% PŻ / 50 s):
Prędkość ruchu znacznie wzrasta. Ataki zmieniają się w pięciokrotne cięcie pazurami, ale bez doskoku. Przywołuje 5 Klonowych Wilków na koniec sekwencji cięć.","Mutación 0:
Persigue al jugador, usando un ataque de doble garra. Cada golpe de garra genera una luz de hoja en forma de hoja de arce. Permanece quieto durante los cortes y realiza una embestida al final.

Mutación 1 (67% Vida / 25s):
Se queda quieto y lanza un aullido de lobo durante 2 segundos al entrar en esta fase, invocando 12 Lobos de arce al cumplir 1 segundo. Los patrones de ataque posteriores son los mismos que en la Mutación 0.

Mutación 2 (33% Vida / 50s):
La velocidad de movimiento aumenta significativamente. Los ataques cambian a un ataque de cinco garras pero no embestirá. Invoca 5 Lobos de arce al final de la secuencia de cortes.","Mutação 0:
Persegue o jogador, usando um ataque de garra dupla. Cada golpe de garra gera uma luz de lâmina em forma de folha de bordo. Permanece parado durante os cortes e realiza uma investida no final.

Mutação 1 (67% PV / 25s):
Fica parado e solta um uivo de lobo por 2 segundos ao entrar nesta fase, invocando 12 Lobos de Bordo na marca de 1 segundo. Os padrões de ataque subsequentes são os mesmos da Mutação 0.

Mutação 2 (33% PV / 50s):
A velocidade de movimento aumenta significativamente. Os ataques mudam para um ataque de cinco garras, mas não realiza investidas. Invoca 5 Lobos de Bordo no final da sequência de cortes.","Mutation 0:
Verfolgt den Spieler mit einem Doppelklauenangriff. Jeder Klauenhieb erzeugt ein ahornblattförmiges Klingenlicht. Bleibt während der Hiebe stehen und führt am Ende einen Sturmangriff aus.

Mutation 1 (67% LP / 25s):
Bleibt beim Eintritt in diese Phase 2 Sekunden lang stehen und heult, wobei es nach 1 Sekunde 12 Ahornwölfe beschwört. Die folgenden Angriffsmuster entsprechen Mutation 0.

Mutation 2 (33% LP / 50s):
Die Bewegungsgeschwindigkeit ist deutlich erhöht. Die Angriffe ändern sich zu einem Fünffach-Klauenangriff ohne Sturmangriff. Beschwört am Ende der Hiebsequenz 5 Ahornwölfe.","Mutasyon 0:
Oyuncuyu takip eder, çift pençe saldırısı kullanır. Her pençe darbesi akçaağaç yaprağı şeklinde bir kılıç ışığı oluşturur. Darbeler sırasında hareketsiz kalır ve sonunda bir atılım yapar.

Mutasyon 1 (%67 Can / 25 sn):
Bu aşamaya girerken 2 saniye boyunca hareketsiz kalıp kurt uluması yapar ve 1. saniyede 12 Akçaağaç Kurt çağırır. Sonraki saldırı düzenleri Mutasyon 0 ile aynıdır.

Mutasyon 2 (%33 Can / 50 sn):
Hareket hızı önemli ölçüde artar. Saldırılar beşli pençe darbesine dönüşür ancak atılım yapmaz. Darbe dizisinin sonunda 5 Akçaağaç Kurt çağırır.","Mutazione 0:
Insegue il giocatore, usando un attacco doppio con gli artigli. Ogni fendente d'artiglio genera una luce di lama a forma di foglia d'acero. Rimane fermo durante i fendenti ed esegue uno scatto alla fine.

Mutazione 1 (67% PV / 25 s):
Resta fermo ed emette un ululato per 2 secondi entrando in questa fase, evocando 12 Lupi d'acero dopo 1 secondo. Gli schemi d'attacco successivi sono gli stessi della Mutazione 0.

Mutazione 2 (33% PV / 50 s):
La velocità di movimento aumenta notevolmente. Gli attacchi diventano un attacco a cinque artigli ma senza scatto. Evoca 5 Lupi d'acero al termine della sequenza di fendenti."
JOB_FANTASY_SWORDER,Sworder,Épéiste,剑士,剣士,검사,劍士,Мечник,Szermierz,Espadachín,Espadachim,Schwertkämpfer,Kılıç Ustası,Spadaccino
JOB_FANTASY_ARCHER,Archer,Archer,射手,弓使い,궁수,射手,Лучник,Łucznik,Arquero,Arqueiro,Bogenschütze,Okçu,Arciere
JOB_FANTASY_MAGE,Mage,Mage,法师,魔道士,마법사,法師,Маг,Mag,Mago,Mago,Magier,Büyücü,Mago
JOB_FANTASY_CONSTRUCTOR,Constructor,Constructeur,构筑师,構築師,건설사,構築師,Конструктор,Konstruktor,Constructor,Construtor,Konstrukteur,İnşacı,Costruttore
JOB_FANTASY_DUAL_WIELDER,Dual Wielder,Ambidextre,双刀使,二刀流,쌍수 무기 사용자,雙刀使,Боец с парным оружием,Użytkownik podwójnej broni,Luchador dual,Dualista,Doppelwaffenkämpfer,Çift Silah Ustası,Duplice armato
EFFECT_FANTASY_RELOAD_WHEN_SHOOT,"There is a {0} chance to reset cooldown after using the weapon.
{1}","Il y a {0} de chance de réinitialiser le temps de recharge après avoir utilisé l'arme.
{1}","武器使用后有{0}概率重置冷却
{1}","武器使用後,{0}%の確率でクールダウンがリセットされる.
{1}","무기 사용 후 {0} 확률로 재사용 대기 시간이 초기화됩니다.
{1}","武器使用後有{0}機率重置冷卻
{1}","После использования оружия есть шанс {0} сбросить перезарядку.
{1}","Jest {0} szans na zresetowanie czasu odnowienia po użyciu broni.
{1}","Hay una probabilidad del {0} de reiniciar el enfriamiento después de usar el arma.
{1}","Há {0} de chance de redefinir a recarga após usar a arma.
{1}","Es besteht eine {0}-Chance, die Abklingzeit nach dem Benutzen der Waffe zurückzusetzen.
{1}","Silahı kullandıktan sonra bekleme süresini sıfırlama şansı {0}.
{1}","C'è una probabilità del {0} di azzerare la ricarica dopo aver usato l'arma.
{1}"
JOB_FANTASY_HOLY_SWORDSMAN,Holy Swordsman,Saint épéiste,圣剑使,聖剣士,성검사,聖劍使,Святой мечник,Święty szermierz,Espadachín sagrado,Espadachim sagrado,Heiliger Schwertkämpfer,Kutsal Kılıç Ustası,Spadaccino sacro
JOB_FANTASY_WANDERING_SAMURAI,Wandering Samurai,Samouraï errant,流浪武士,流浪の侍,방랑 사무라이,流浪武士,Бродячий самурай,Wędrowny samuraj,Samurái errante,Samurai errante,Wander-Samurai,Gezgin Samuray,Samurai errante
JOB_FANTASY_ASSASSIN,Assassin,Assassin,暗杀者,アサシン,암살자,暗殺者,Ассасин,Skrytobójca,Asesino,Assassino,Assassine,Suikastçı,Assassino
STAT_FANTASY_CRIT_DAMAGE,% Crit Damage,% Dégâts critiques,%暴击伤害,%クリティカルダメージ,% 치명타 피해,%暴擊傷害,% Крит. урон,% Obrażenia krytyczne,% Daño crítico,% Dano crítico,% Kritischer Schaden,% Kritik Hasar,% Danno critico
JOB_FANTASY_DIVINE_ARCHER,Divine Archer,Archer divin,神弓手,神弓使い,신성한 궁수,神弓手,Божественный лучник,Boski łucznik,Arquero divino,Arqueiro divino,Göttlicher Bogenschütze,İlahi Okçu,Arciere divino
JOB_FANTASY_WIND_WALKER,Wind Walker,Marchevent,风行者,風の行者,바람 걷는 자,風行者,Ходящий по ветру,Chodzący z wiatrem,Caminante del viento,Andarilho do vento,Windgänger,Rüzgar Yürüyücüsü,Camminatore del vento
JOB_FANTASY_CANNONIER,Cannonier,Canonnier,炮手,砲手,포수,炮手,Канонир,Kanonier,Cañonero,Canhoneiro,Kanonier,Topçu,Cannoniere
EFFECT_FANTASY_SPECIFIC_SET_WEAPON_BONUSES,{0}{1} for every {4} weapon of type {2} you have[{3}],{0}{1} pour chaque {4} arme de type {2} que vous possédez[{3}],每持有有{4}把{2}类武器{0}{1}[{3}],所持する{2}タイプの武器{4}本ごとに{0}{1}[{3}],보유한 {2} 유형 무기 {4}개마다 {0}{1}[{3}],每持有{4}把{2}類武器{0}{1}[{3}],{0}{1} за каждое {4} оружие типа {2} у вас[{3}],{0}{1} za każde {4} broni typu {2} którą posiadasz[{3}],{0}{1} por cada {4} arma de tipo {2} que tengas[{3}],{0}{1} para cada {4} arma do tipo {2} que você tem[{3}],{0}{1} für jede {4} Waffe des Typs {2}, die du besitzt[{3}],"Sahip olduğun her {4} {2} tipi silah için {0}{1}[{3}],{0}{1} per ogni {4} arma di tipo {2} in tuo possesso[{3}]"
JOB_FANTASY_FIREARMS_MASTER,Firearms Master,Maître des armes à feu,枪械大师,火器の達人,화기 달인,槍械大師,Мастер огнестрела,Mistrz broni palnej,Maestro de armas de fuego,Mestre em armas de fogo,Feuerwaffenmeister,Ateşli Silah Ustası,Maestro delle armi da fuoco
JOB_FANTASY_FIRE_MAGE,Fire Mage,Mage de feu,火法师,炎の魔道士,화염 마법사,火法師,Огненный маг,Mag ognia,Mago de fuego,Mago de fogo,Feuermagier,Ateş Büyücüsü,Mago del fuoco
JOB_FANTASY_LIGHTNING_MAGE,Lightning Mage,Mage de foudre,雷法师,雷の魔道士,번개 마법사,雷法師,Маг молний,Mag piorunów,Mago de rayo,Mago do raio,Blitzmagier,Yıldırım Büyücüsü,Mago del fulmine
JOB_FANTASY_HOLY_MAGE,Holy Mage,Mage sacré,圣法师,聖なる魔道士,신성 마법사,聖法師,Святой маг,Święty mag,Mago sagrado,Mago sagrado,Heiliger Magier,Kutsal Büyücü,Mago sacro
JOB_FANTASY_DARK_MAGE,Dark Mage,Mage noir,黑魔法师,闇の魔道士,흑마법사,黑魔法師,Темный маг,Mroczny mag,Mago oscuro,Mago das trevas,Dunkelmagier,Kara Büyücü,Mago oscuro
JOB_FANTASY_MECHANIC,Mechanic,Mécanicien,机械师,機械工,기계공,機械師,Механик,Mechanik,Mecánico,Mecânico,Mechaniker,Tamirci,Meccanico
JOB_FANTASY_TECH_MODDER,Tech Modder,Moddeur technique,改造师,技術改造者,기술 개조사,改造師,Техно-моддер,Technomodyfikator,Modder técnico,Modder técnico,Tech-Modder,Teknoloji Modlayıcı,Tecno-modder
JOB_FANTASY_DRIVER_KNIGHT,Driver Knight,Chevalier pilote,驱动骑士,操縦騎士,드라이버 나이트,驅動騎士,Рыцарь-водитель,Rycerz kierowca,Caballero conductor,Cavaleiro condutor,Fahrer-Ritter,Sürücü Şövalye,Cavaliere pilota
JOB_FANTASY_SHAMAN_KING,Shaman King,Roi chaman,通灵王,シャーマンキング,샤먼 킹,通靈王,Король шаманов,Król szamanów,Rey chamán,Rei Xamã,Schamanenkönig,Şaman Kral,Re sciamano
EFFECT_FANTASY_STRUCTURE_SCALING_STATS,Structure damage additionally scales with {0} {1},Les dégâts des structures évoluent également avec {0} {1},构筑物伤害会受到{0}{1}影响,構造物ダメージは{0}{1}にも影響を受ける,구조물 피해는 추가로 {0} {1}의 영향을 받습니다,構築物傷害會受到{0}{1}影響,Урон строений дополнительно зависит от {0} {1},Obrażenia struktur dodatkowo skalują się z {0} {1},El daño de las estructuras también escala con {0} {1},O dano das estruturas também escala com {0} {1},Strukturschaden skaliert zusätzlich mit {0} {1},Yapı hasarı ayrıca {0} {1} ile de ölçeklenir,I danni delle strutture scalano ulteriormente con {0} {1}
EFFECT_FANTASY_TURRET_CAN_PURSUE_TARGET,The turret now automatically pursues target,La tourelle poursuit désormais automatiquement la cible,炮塔现在会自动追击目标,タレットは自動的にターゲットを追跡するようになった,포탑이 이제 자동으로 대상을 추적합니다,炮塔現在會自動追擊目標,Теперь турель автоматически преследует цель,Teraz wieżyczka automatycznie ściga cel,La torreta ahora persigue al objetivo automáticamente,A torre agora persegue o alvo automaticamente,Der Geschützturm verfolgt nun automatisch Ziele,Kule artık hedefi otomatik olarak takip ediyor,La torretta ora insegue automaticamente il bersaglio
JOB_FANTASY_TANK,Tank,Tank,坦克,タンク,탱크,坦克,Танк,Czołg,Tanque,Tanque,Panzer,Tank,Carro armato
JOB_FANTASY_NURSE,Nurse,Infirmier,护士,看護師,간호사,護士,Медсестра,Pielęgniarka,Enfermero,Enfermeiro,Krankenpfleger,Hemşire,Infermiere
JOB_FANTASY_ACCOUNTANT,Accountant,Comptable,会计师,会計士,회계사,會計師,Бухгалтер,Księgowy,Contable,Contador,Buchhalter,Muhasebeci,Contabile
JOB_FANTASY_PERFORMER,Performer,Interprète,演奏家,演奏家,연주가,演奏家,Исполнитель,Artysta,Artista,Artista,Darsteller,İcracı,Performer
JOB_FANTASY_BOTANIST,Botanist,Botaniste,植物学家,植物学者,식물학자,植物學家,Ботаник,Botanik,Botánico,Botânico,Botaniker,Botanikçi,Botanico
JOB_FANTASY_FORGER,Forger,Forgeron,锻造师,鍛冶師,대장장이,鍛造師,Кузнец,Kowal,Herrero,Ferreiro,Schmied,Demirci,Fabbro
EFFECT_FANTASY_UPGRADE_SPECIFIC_TIER_WEAPONS,Entering the shop randomly upgrades {0} Tier {1} weapon(s) (including those with special upgrade methods),"En entrant dans la boutique, améliore aléatoirement {0} arme(s) de niveau {1} (y compris celles avec des méthodes d'amélioration spéciales)","进入商店时,随机升级{0}件{1}级别的武器 (包括特殊升级方式的武器)","ショップに入ると,{1}ランクの武器を{0}個ランダムにアップグレードする(特殊なアップグレード方法を持つものも含む)","상점에 들어갈 때, {1} 등급 무기 {0}개가 무작위로 업그레이드됩니다 (특수 업그레이드 방법이 있는 무기 포함)","進入商店時,隨機升級{0}件{1}級別的武器 (包括特殊升級方式的武器)",При входе в магазин случайным образом улучшается {0} оружие(я) {1} уровня (в том числе со специальными методами улучшения),"Wchodząc do sklepu, losowo ulepsza {0} broń poziomu {1} (w tym te ze specjalnymi metodami ulepszania)","Al entrar en la tienda, mejora aleatoriamente {0} arma(s) de nivel {1} (incluidas aquellas con métodos de mejora especiales)","Ao entrar na loja, melhora aleatoriamente {0} arma(s) de Grau {1} (incluindo aquelas com métodos de melhoria especiais)",Beim Betreten des Ladens werden {0} Waffe(n) der Stufe {1} zufällig aufgewertet (einschließlich solcher mit speziellen Aufwertungsmethoden),"Dükkana girince, {1} Kademe {0} silah rastgele yükseltilir (özel yükseltme yöntemlerine sahip olanlar dahil)","Entrando nel negozio, potenzia casualmente {0} arma/e di Livello {1} (incluse quelle con metodi di potenziamento speciali)"
JOB_FANTASY_WALKER,Walker,Marcheur,行者,行者,보행자,行者,Ходок,Wędrowiec,Caminante,Andarilho,Wanderer,Yürüyücü,Camminatore
JOB_FANTASY_ENCHANTER,Enchanter,Enchanteur,附魔师,付与術師,마법 부여사,附魔師,Зачарователь,Zaklinacz,Encantador,Encantador,Verzauberer,Büyücü,Incantatore
JOB_FANTASY_ECONOMIST,Economist,Économiste,经济学家,経済学者,경제학자,經濟學家,Экономист,Ekonomista,Economista,Economista,Ökonom,Ekonomist,Economista
JOB_FANTASY_TEMPLE_GUARD,Temple Guard,Garde du temple,圣殿守卫,神殿の守衛,성전 수호자,聖殿守衛,Храмовый страж,Strażnik świątyni,Guardia del templo,Guarda do templo,Tempelwächter,Tapınak Muhafızı,Guardia del tempio
JOB_FANTASY_MISSIONARY,Missionary,Missionnaire,传教士,宣教師,선교사,傳教士,Миссионер,Misjonarz,Misionero,Missionário,Missionar,Misyoner,Missionario
JOB_FANTASY_LAND_LORD,Land Lord,Seigneur des terres,土地领主,土地領主,토지 영주,土地領主,Землевладелец,Władca ziemi,Señor de la tierra,Lorde da terra,Grundherr,Arazi Lordu,Signore della terra
JOB_FANTASY_TREASURE_HUNTER,Treasure Hunter,Chasseur de trésor,宝藏猎手,トレジャーハンター,보물 사냥꾼,寶藏獵手,Охотник за сокровищами,Łowca skarbów,Cazador de tesoros,Caçador de tesouros,Schatzjäger,Hazine Avcısı,Cacciatore di tesori
JOB_FANTASY_PROPHET,Prophet,Prophète,先知,預言者,예언자,先知,Пророк,Prorok,Profeta,Profeta,Prophet,Peygamber,Profeta
JOB_FANTASY_ABYSSAL_CULTIST,Abyssal Cultist,Cultiste abyssal,深渊信徒,深淵の信徒,심연 신도,深淵信徒,Культист Бездны,Kultysta Otchłani,Cultista abisal,Cultista abissal,Abgrund-Kultist,Hiçlik Kültisti,Cultista dell'abisso
JOB_FANTASY_PERFUMER,Perfumer,Parfumeur,调香师,調香師,조향사,調香師,Парфюмер,Perfumiarz,Perfumista,Perfumista,Parfümeur,Parfümcü,Profumiere
JOB_FANTASY_GARDENER,Gardener,Jardinier,园丁,庭師,정원사,園丁,Садовник,Ogrodnik,Jardinero,Jardineiro,Gärtner,Bahçıvan,Giardiniere
JOB_FANTASY_PIANIST,Pianist,Pianiste,钢琴师,ピアニスト,피아니스트,鋼琴師,Пианист,Pianista,Pianista,Pianista,Pianist,Piyanist,Pianista
JOB_FANTASY_IMPROMPTU_CREATOR,Impromptu Creator,Créateur improvisé,即兴创作者,即興創作者,즉흥 창작자,即興創作者,Импровизатор,Twórca improwizacji,Creador improvisado,Criador improvisado,Improvisationskünstler,Doğaçlama Yaratıcısı,Creatore d'improvvisazione
EFFECT_FANTASY_GUARANTEED_SET_WEAPONS_IN_SHOP,Shop always sells at least {0} {1} weapon(s),La boutique vend toujours au moins {0} arme(s) {1},商店总是出售至少{0}把{1}武器,ショップでは常に少なくとも{0}個の{1}武器が販売される,상점은 항상 최소 {0}개의 {1} 무기를 판매합니다,商店總是出售至少{0}把{1}武器,Магазин всегда продаёт как минимум {0} оружие(й) типа {1},Sklep zawsze sprzedaje co najmniej {0} broni typu {1},La tienda siempre vende al menos {0} arma(s) de tipo {1},A loja sempre vende pelo menos {0} arma(s) do tipo {1},Der Laden verkauft immer mindestens {0} Waffe(n) des Typs {1},Dükkan her zaman en az {0} adet {1} silahı satar,Il negozio vende sempre almeno {0} arma/e di tipo {1}
EFFECT_FANTASY_ADD_GEAR_BY_ID,Gain {0} {1},Gagne {0} {1},获得{0}个{1},{1}を{0}個獲得,{1} {0}개 획득,獲得{0}個{1},Получает {0} {1},Zyskaj {0} {1},Obtén {0} {1},Ganha {0} {1},Erhalte {0} {1},{0} adet {1} kazan,Ottieni {0} {1}
EFFECT_FANTASY_SLOW_CURSED_ENEMY,{0} base speed of cursed enemies,Vitesse de base de {0} pour les ennemis maudits,{0}被诅咒的敌人基础速度,呪われた敵の基本速度{0},{0} 저주받은 적 기본 속도,{0}被詛咒的敵人基礎速度,Базовая скорость проклятых врагов {0},{0} bazowej prędkości przeklętych wrogów,{0} velocidad base de enemigos malditos,{0} de velocidade base de inimigos amaldiçoados,{0} Grundtempo von verfluchten Feinden,Lanetli düşmanların temel hızı {0},{0} velocità base dei nemici maledetti
JOB_ELEMENTAL,Job: Elemental {0},Métier : Élémentaire {0},职业: 元素 {0},職業: エレメンタル {0},직업: 원소 {0},職業:元素 {0},Работа: Элементаль {0},Praca: Żywiołak {0},Oficio: Elemental {0},Ofício: Elemental {0},Job: Elementar {0},İş: Element {0},Classe: Elementale {0}
JOB_ENGINEERING,Job: Engineering {0},Métier : Ingénierie {0},职业: 工程 {0},職業: エンジニアリング {0},직업: 공학 {0},職業:工程 {0},Работа: Инженерия {0},Praca: Inżynieria {0},Oficio: Ingeniería {0},Ofício: Engenharia {0},Job: Ingenieurswesen {0},İş: Mühendislik {0},Classe: Ingegneria {0}
JOB_LUCK,Job: Luck {0},Métier : Chance {0},职业: 幸运 {0},職業: 幸運 {0},직업: 행운 {0},職業:幸運 {0},Работа: Удача {0},Praca: Szczęście {0},Oficio: Suerte {0},Ofício: Sorte {0},Job: Glück {0},İş: Şans {0},Classe: Fortuna {0}
JOB_MELEE,Job: Melee {0},Métier : Mêlée {0},职业: 近战 {0},職業: 近接 {0},직업: 근접 {0},職業:近戰 {0},Работа: Ближний бой {0},Praca: Walka wręcz {0},Oficio: Cuerpo a cuerpo {0},Ofício: Corpo a corpo {0},Job: Nahkampf {0},İş: Yakın Dövüş {0},Classe: Mischia {0}
JOB_RANGED,Job: Ranged {0},Métier : Distance {0},职业: 远程 {0},職業: 遠距離 {0},직업: 원거리 {0},職業:遠程 {0},Работа: Дальний бой {0},Praca: Dystans {0},Oficio: Distancia {0},Ofício: Longa distância {0},Job: Fernkampf {0},İş: Menzilli {0},Classe: Distanza {0}
JOB_UNIVERSAL,Job: Universal {0},Métier : Universel {0},职业: 通用 {0},職業: 万能 {0},직업: 만능 {0},職業:通用 {0},Работа: Универсал {0},Praca: Uniwersalne {0},Oficio: Universal {0},Ofício: Universal {0},Job: Universell {0},İş: Evrensel {0},Classe: Universale {0}
FANTASY_SKIP_JOB,Skip,Passer,跳过,スキップ,건너뛰기,跳過,Пропустить,Pomiń,Saltar,Pular,Überspringen,Atla,Salta
COOP_S1_JOB,S1 Job Pool,Réserve de métiers S1,一阶职业池,S1職業プール,S1 직업 풀,一階職業池,Пул работ S1,Pula profesji S1,Reserva de oficios S1,Reserva de ofícios S1,S1 Job-Pool,S1 İş Havuzu,Pool classi S1
COOP_S2_JOB,S2 Job Pool,Réserve de métiers S2,二阶职业池,S2職業プール,S2 직업 풀,二階職業池,Пул работ S2,Pula profesji S2,Reserva de oficios S2,Reserva de ofícios S2,S2 Job-Pool,S2 İş Havuzu,Pool classi S2
JOB,Job,Métier,职业,職業,직업,職業,Работа,Praca,Oficio,Ofício,Job,İş,Classe
FANTASY_TWIN_BLAZE_NAME,Blaze,Brasier,炎,ブレイズ,블레이즈,炎,Вспышка,Blask,Llama,Chama,Lohe,Alev,Fiamma
FANTASY_TWIN_BLAZE_BEHAVIOUR_DESCRIPTION,"Mutation 0:
Moves randomly. Upon death or mutation, causes Frost to mutate. Fires 4 serpentine flame projectiles with warning per second. After firing twice, fires a ring of 12 outward-spreading flame projectiles around itself

Mutation 1 (67% HP / 25 s):
Movement changes to chasing the player, 12 flame projectiles now contract inward","Mutation 0 :
Se déplace aléatoirement. À la mort ou à la mutation, fait muter Frost. Tire 4 projectiles de flammes serpentines avec avertissement par seconde. Après deux tirs, lance un anneau de 12 projectiles enflammés se propageant vers l'extérieur.

Mutation 1 (67% PV / 25 s) :
Le déplacement passe à la poursuite du joueur, les 12 projectiles enflammés se contractent maintenant vers l'intérieur.","异变0:
随机移动,死亡或异变时会导致霜发生异变,每秒发射4道蜿蜒前进的带有预警的火焰弹幕,发射两次后,向周围发射一圈12个向外扩散的火焰弹幕

异变1 (67%生命 / 25秒):
移动方式变为追击玩家,12个火焰弹幕变为向内收缩","変異0:
ランダムに移動.死亡または変異時にフロストを変異させる.毎秒,警告付きで蛇行する炎の投射物を4発発射する.2回発射後,自身の周囲に12発の外側に広がる炎の投射物の輪を放つ.

変異1 (HP67% / 25秒):
移動がプレイヤーの追跡に変わり,12発の炎の投射物が内側に収縮する.","변이 0:
무작위로 이동합니다. 사망하거나 변이되면 프로스트가 변이합니다. 매초 경고와 함께 구불거리는 화염 투사체 4개를 발사합니다. 두 번 발사한 후, 주변에 바깥쪽으로 퍼지는 12개의 화염 투사체 고리를 발사합니다.

변이 1 (체력 67% / 25초):
이동 방식이 플레이어 추적으로 변경되고, 12개의 화염 투사체가 이제 안쪽으로 수축합니다.","異變0:
隨機移動,死亡或異變時會導致霜發生異變,每秒發射4道蜿蜒前進的帶有預警的火焰彈幕,發射兩次後,向周圍發射一圈12個向外擴散的火焰彈幕

異變1 (67%生命 / 25秒):
移動方式變為追擊玩家,12個火焰彈幕變為向內收縮","Мутация 0:
Двигается случайно. При смерти или мутации вызывает мутацию Фрост. Выпускает 4 извивающихся огненных снаряда с предупреждением в секунду. После двух выстрелов создает кольцо из 12 расходящихся наружу огненных снарядов вокруг себя.

Мутация 1 (67% ОЗ / 25 с):
Движение меняется на преследование игрока, 12 огненных снарядов теперь сжимаются внутрь.","Mutacja 0:
Porusza się losowo. Po śmierci lub mutacji powoduje mutację Frost. Wystrzeliwuje 4 wijące się pociski ogniste z ostrzeżeniem na sekundę. Po dwukrotnym strzale tworzy wokół siebie pierścień z 12 rozchodzących się na zewnątrz ognistych pocisków.

Mutacja 1 (67% PŻ / 25 s):
Ruch zmienia się na ściganie gracza, 12 ognistych pocisków teraz kurczy się do wewnątrz.","Mutación 0:
Se mueve aleatoriamente. Al morir o mutar, hace que Frost mute. Dispara 4 proyectiles de fuego serpentinos con advertencia por segundo. Después de disparar dos veces, lanza un anillo de 12 proyectiles de fuego que se expanden hacia afuera a su alrededor.

Mutación 1 (67% Vida / 25 s):
El movimiento cambia a perseguir al jugador, los 12 proyectiles de fuego ahora se contraen hacia adentro.","Mutação 0:
Move-se aleatoriamente. Ao morrer ou ao sofrer mutação, faz com que Frost sofra mutação. Dispara 4 projéteis de fogo serpentinos com aviso por segundo. Depois de atirar duas vezes, dispara um anel de 12 projéteis de fogo que se expandem para fora ao seu redor.

Mutação 1 (67% PV / 25 s):
O movimento muda para perseguir o jogador, os 12 projéteis de fogo agora se contraem para dentro.","Mutation 0:
Bewegt sich zufällig. Verursacht bei Tod oder Mutation die Mutation von Frost. Feuert pro Sekunde 4 schlängelnde Flammenprojektile mit Warnung ab. Nach zwei Salven feuert es einen Ring aus 12 sich ausbreitenden Flammenprojektilen um sich herum ab.

Mutation 1 (67% LP / 25 s):
Bewegung ändert sich auf Verfolgung des Spielers, die 12 Flammenprojektile ziehen sich jetzt nach innen zusammen.","Mutasyon 0:
Rastgele hareket eder. Ölümü veya mutasyonu üzerine Frost'un mutasyona uğramasına neden olur. Saniyede uyarı ile 4 kıvrımlı alev mermisi ateşler. İki kez ateş ettikten sonra, etrafında dışa doğru yayılan 12 alev mermisinden oluşan bir halka ateşler.

Mutasyon 1 (%67 Can / 25 sn):
Hareketi oyuncuyu kovalamaya dönüşür, 12 alev mermisi şimdi içe doğru büzülür.","Mutazione 0:
Si muove casualmente. Alla morte o alla mutazione, fa mutare Frost. Spara 4 proiettili di fiamma serpentini con preavviso al secondo. Dopo aver sparato due volte, emette un anello di 12 proiettili di fiamma che si diffondono verso l'esterno intorno a sé.

Mutazione 1 (67% PV / 25 s):
Il movimento cambia in inseguimento del giocatore, i 12 proiettili di fiamma ora si contraggono verso l'interno."
FANTASY_TWIN_FROST_NAME,Frost,Givre,霜,フロスト,프로스트,霜,Мороз,Mór,Helada,Geada,Frost,Ayaz,Gelo
FANTASY_TWIN_FROST_BEHAVIOUR_DESCRIPTION,"Mutation 0:
Moves away from the player. Upon death or mutation, causes Flame to mutate. Summons a large snowflake projectile formed by 24 blade beams centered on the player every 2 seconds

Mutation 1 (67% HP / 25 s):
Movement changes to chasing the player. After summoning the large snowflake projectile, randomly spawns 3 frost formations on the field that last for 2 seconds, slowing the player by 75% upon contact","Mutation 0 :
S'éloigne du joueur. À la mort ou à la mutation, fait muter Flame. Invoque un grand projectile en forme de flocon de neige formé de 24 rayons de lame centré sur le joueur toutes les 2 secondes.

Mutation 1 (67% PV / 25 s) :
Le déplacement passe à la poursuite du joueur. Après avoir invoqué le grand projectile flocon, fait apparaître aléatoirement 3 formations de givre au sol durant 2 secondes, ralentissant le joueur de 75% au contact.","异变0:
远离玩家,死亡或异变时会导致炎发生异变,每2秒以玩家为中心召唤由24道刀光组合而成的大型雪花弹幕

异变1 (67%生命 / 25秒):
移动方式变为追击玩家,在召唤大型雪花弹幕后,会在场上随机召唤3个持续2秒的霜冻法阵,玩家触碰时减速75%","変異0:
プレイヤーから遠ざかる.死亡時または変異時に炎を変異させる.2秒ごとに,24本の剣閃で構成されたプレイヤー中心の大きな雪の結晶の投射物を召喚する.

変異1 (HP67% / 25秒):
移動がプレイヤーの追跡に変わる.大きな雪の結晶を召喚した後,フィールド上に2秒間持続する霜の陣を3つランダムに発生させ,接触したプレイヤーを75%減速させる.","변이 0:
플레이어로부터 멀어집니다. 사망하거나 변이되면 블레이즈가 변이합니다. 2초마다 플레이어를 중심으로 24개의 검기로 구성된 큰 눈송이 투사체를 소환합니다.

변이 1 (체력 67% / 25초):
이동 방식이 플레이어 추적으로 변경됩니다. 큰 눈송이 투사체를 소환한 후, 필드에 2초간 지속되는 서리 진형을 무작위로 3개 생성하고, 접촉 시 플레이어를 75% 감속시킵니다.","異變0:
遠離玩家,死亡或異變時會導致炎發生異變,每2秒以玩家為中心召喚由24道刀光組合而成的大型雪花彈幕

異變1 (67%生命 / 25秒):
移動方式變為追擊玩家,在召喚大型雪花彈幕後,會在場上隨機召喚3個持續2秒的霜凍法陣,玩家觸碰時減速75%","Мутация 0:
Удаляется от игрока. При смерти или мутации вызывает мутацию Вспышки. Призывает большой снаряд-снежинку, образованный 24 лезвиями-лучами с центром в игроке, каждые 2 секунды.

Мутация 1 (67% ОЗ / 25 с):
Движение меняется на преследование игрока. После призыва большого снаряда-снежинки случайно создает на поле 3 ледяные формации на 2 секунды, замедляя игрока на 75% при касании.","Mutacja 0:
Odsuwa się od gracza. Po śmierci lub mutacji powoduje mutację Flame. Co 2 sekundy przywołuje duży pocisk w kształcie płatka śniegu utworzony z 24 promieni ostrza wycentrowanych na graczu.

Mutacja 1 (67% PŻ / 25 s):
Ruch zmienia się na ściganie gracza. Po przywołaniu dużego pocisku śnieżynki losowo tworzy na polu 3 formacje mrozu trwające 2 sekundy, spowalniając gracza o 75% przy kontakcie.","Mutación 0:
Se aleja del jugador. Al morir o al mutar, hace que Llama mute. Invoca un gran proyectil de copo de nieve formado por 24 rayos de hoja centrados en el jugador cada 2 segundos.

Mutación 1 (67% Vida / 25 s):
El movimiento cambia a perseguir al jugador. Después de invocar el gran proyectil de copo de nieve, genera aleatoriamente 3 formaciones de escarcha en el campo que duran 2 segundos, ralentizando al jugador un 75% al contacto.","Mutação 0:
Afasta-se do jogador. Ao morrer ou ao sofrer mutação, faz Chama sofrer mutação. Invoca um grande projétil de floco de neve formado por 24 feixes de lâmina centrados no jogador a cada 2 segundos.

Mutação 1 (67% PV / 25 s):
O movimento muda para perseguir o jogador. Depois de invocar o grande projétil de floco de neve, gera aleatoriamente 3 formações de gelo no campo que duram 2 segundos, reduzindo a velocidade do jogador em 75% ao contato.","Mutation 0:
Entfernt sich vom Spieler. Verursacht bei Tod oder Mutation die Mutation von Flamme. Beschwört alle 2 Sekunden ein großes Schneeflockenprojektil, das aus 24 Klingenstrahlen besteht und auf den Spieler zentriert ist.

Mutation 1 (67% LP / 25 s):
Bewegung ändert sich auf Verfolgung des Spielers. Nach dem Beschwören des großen Schneeflockenprojektils erscheinen zufällig 3 Frostformationen auf dem Feld, die 2 Sekunden andauern und den Spieler bei Kontakt um 75% verlangsamen.","Mutasyon 0:
Oyuncudan uzaklaşır. Ölümü veya mutasyonu üzerine Alev'in mutasyona uğramasına neden olur. Her 2 saniyede bir, oyuncuyu merkez alan 24 kılıç huzmesinden oluşan büyük kar tanesi mermisi çağırır.

Mutasyon 1 (%67 Can / 25 sn):
Hareketi oyuncuyu kovalamaya dönüşür. Büyük kar tanesi mermisini çağırdıktan sonra, alanda 2 saniye süren 3 ayaz oluşumu rastgele belirir ve temas halinde oyuncuyu %75 yavaşlatır.","Mutazione 0:
Si allontana dal giocatore. Alla morte o alla mutazione, fa mutare Fiamma. Evoca un grande proiettile a forma di fiocco di neve formato da 24 raggi di lama centrati sul giocatore ogni 2 secondi.

Mutazione 1 (67% PV / 25 s):
Il movimento cambia in inseguimento del giocatore. Dopo aver evocato il grande proiettile fiocco di neve, genera casualmente sul campo 3 formazioni di gelo che durano 2 secondi, rallentando il giocatore del 75% al contatto."
FANTASY_GOBLIN_TANK_NAME,Goblin Tank,Tank gobelin,哥布林坦克,ゴブリンタンク,고블린 탱크,哥布林坦克,Гоблин-танк,Goblin czołg,Tanque duende,Tanque goblin,Goblin-Panzer,Goblin Tank,Carro goblin
FANTASY_GOBLIN_TANK_BEHAVIOUR_DESCRIPTION,"Mutation 0:
Chases the player. Every 5 seconds, fires 1 blade wave toward the player. At the end of the blade wave, scatters 8 bullets and summons either a Goblin Javelin Thrower or a Goblin Priest. Upon death, summons 9 Goblin Javelin Throwers

Mutation 1 (50% HP / 40 s):
Now fires 3 blade waves in succession, but no longer summons goblins","Mutation 0 :
Poursuit le joueur. Toutes les 5 secondes, lance 1 vague de lames vers le joueur. À la fin de la vague, disperse 8 balles et invoque soit un Gobelin lanceur de javelot, soit un Prêtre gobelin. À la mort, invoque 9 Gobelins lanceurs de javelot.

Mutation 1 (50% PV / 40 s) :
Lance maintenant 3 vagues de lames successives, mais n'invoque plus de gobelins.","异变0:
追击玩家,每5秒朝玩家发射1道前进的刀光,刀光末尾处散射8个子弹并召唤1只哥布林标枪手或哥布林祭司,死亡时召唤9只哥布林标枪手

异变1 (50%生命 / 40秒):
现在刀光变为3连发,但不会再召唤哥布林","変異0:
プレイヤーを追跡する.5秒ごとにプレイヤーに向けて1本のブレードウェーブを放つ.ウェーブの終端で8発の弾を散布し,ゴブリンジャベリン投げまたはゴブリンプリーストを1体召喚する.死亡時,9体のゴブリンジャベリン投げを召喚する.

変異1 (HP50% / 40秒):
ブレードウェーブが3連続で発射されるようになるが,ゴブリンを召喚しなくなる.","변이 0:
플레이어를 추격합니다. 5초마다 플레이어에게 1개의 검기를 발사합니다. 검기 끝에서 8개의 탄환을 흩뿌리고 고블린 투창병 또는 고블린 사제를 1마리 소환합니다. 사망 시 고블린 투창병 9마리를 소환합니다.

변이 1 (체력 50% / 40초):
이제 검기가 3연발로 발사되지만 고블린은 더 이상 소환하지 않습니다.","異變0:
追擊玩家,每5秒朝玩家發射1道前進的刀光,刀光末尾處散射8個子彈並召喚1隻哥布林標槍手或哥布林祭司,死亡時召喚9隻哥布林標槍手

異變1 (50%生命 / 40秒):
現在刀光變為3連發,但不會再召喚哥布林","Мутация 0:
Преследует игрока. Каждые 5 секунд выпускает 1 лезвийную волну в игрока. В конце волны разбрасывает 8 пуль и призывает либо Гоблина-копейщика, либо Гоблина-жреца. При смерти призывает 9 Гоблинов-копейщиков.

Мутация 1 (50% ОЗ / 40 с):
Теперь выпускает 3 волны подряд, но больше не призывает гоблинов.","Mutacja 0:
Ściga gracza. Co 5 sekund wystrzeliwuje 1 falę ostrzy w stronę gracza. Na końcu fali rozrzuca 8 pocisków i przywołuje albo Goblina miotacza oszczepów, albo Goblina kapłana. Po śmierci przywołuje 9 Goblinów miotaczy oszczepów.

Mutacja 1 (50% PŻ / 40 s):
Teraz wystrzeliwuje 3 fale ostrzy z rzędu, ale nie przywołuje już goblinów.","Mutación 0:
Persigue al jugador. Cada 5 segundos, dispara 1 onda de hoja hacia el jugador. Al final de la onda, dispersa 8 balas e invoca un Lanzador de jabalina goblin o un Sacerdote goblin. Al morir, invoca 9 Lanzadores de jabalina goblin.

Mutación 1 (50% Vida / 40 s):
Ahora dispara 3 ondas de hoja sucesivas, pero ya no invoca goblins.","Mutação 0:
Persegue o jogador. A cada 5 segundos, dispara 1 onda de lâmina na direção do jogador. No final da onda, dispersa 8 balas e invoca um Goblin Lançador de Dardo ou um Goblin Sacerdote. Ao morrer, invoca 9 Goblins Lançadores de Dardo.

Mutação 1 (50% PV / 40 s):
Agora dispara 3 ondas de lâmina em sucessão, mas não invoca mais goblins.","Mutation 0:
Verfolgt den Spieler. Feuert alle 5 Sekunden 1 Klingenwelle auf den Spieler. Am Ende der Welle werden 8 Kugeln verstreut und entweder ein Goblin-Speerwerfer oder ein Goblin-Priester beschworen. Beim Tod werden 9 Goblin-Speerwerfer beschworen.

Mutation 1 (50% LP / 40 s):
Feuert jetzt 3 Klingenwellen hintereinander, beschwört aber keine Goblins mehr.","Mutasyon 0:
Oyuncuyu kovalar. Her 5 saniyede bir oyuncuya 1 kılıç dalgası ateşler. Dalganın sonunda 8 mermi saçar ve bir Goblin Cirit Atıcı veya Goblin Rahibi çağırır. Öldüğünde 9 Goblin Cirit Atıcı çağırır.

Mutasyon 1 (%50 Can / 40 sn):
Artık art arda 3 kılıç dalgası ateşler, ancak goblin çağırmaz.","Mutazione 0:
Insegue il giocatore. Ogni 5 secondi, spara 1 onda di lama verso il giocatore. Alla fine dell'onda, disperde 8 proiettili ed evoca un Goblin lanciatore di giavellotto o un Goblin sacerdote. Alla morte, evoca 9 Goblin lanciatori di giavellotto.

Mutazione 1 (50% PV / 40 s):
Ora spara 3 onde di lama in successione, ma non evoca più goblin."
FANTASY_NECROMANCER_NAME,Necromancer,Nécromancien,死灵法师,ネクロマンサー,네크로맨서,死靈法師,Некромант,Nekromanta,Nigromante,Necromante,Nekromant,Nekromanser,Negromante
FANTASY_NECROMANCER_BEHAVIOUR_DESCRIPTION,"Mutation 0:
Stay away from players, summon 3 Skeleton Swordsmen every second.

Mutation 1 (67% HP / 30 s):
In addition to Mutation 0, summon 1 additional Skeleton Archer.

Mutation 2 (33% HP / 60 s):
No longer summons skeletons. Attack changes to firing 5 eyeball projectiles at the player per second, and summons 10 eyeballs to surround the player every second.","Mutation 0 :
Se tient loin des joueurs, invoque 3 Épéistes squelettes par seconde.

Mutation 1 (67% PV / 30 s) :
En plus de la Mutation 0, invoque 1 Archer squelette supplémentaire.

Mutation 2 (33% PV / 60 s) :
N'invoque plus de squelettes. Attaque en tirant 5 projectiles en forme de globe oculaire sur le joueur par seconde, et invoque 10 globes oculaires pour encercler le joueur chaque seconde.","异变0:
远离玩家,每秒召唤3个骷髅剑士

异变1 (67%生命 / 30秒):
在异变0的基础上多召唤1个骷髅弓手

异变2 (33%生命 / 60秒):
不再召唤骷髅,攻击方式变为每秒向玩家发射5个眼球子弹,且每秒召唤10个眼球包围玩家","変異0:
プレイヤーから遠ざかり,毎秒3体のスケルトンソードマンを召喚する.

変異1 (HP67% / 30秒):
変異0に加えて,スケルトンアーチャーを追加で1体召喚する.

変異2 (HP33% / 60秒):
スケルトンを召喚しなくなる.攻撃は毎秒プレイヤーに5つの眼球投射物を発射するように変化し,毎秒10個の眼球を召喚してプレイヤーを包囲する.","변이 0:
플레이어에게서 멀리 떨어져, 매초 해골 검사를 3마리 소환합니다.

변이 1 (체력 67% / 30초):
변이 0에 더해, 해골 궁수를 1마리 추가 소환합니다.

변이 2 (체력 33% / 60초):
더 이상 스켈레톤을 소환하지 않습니다. 공격이 초당 5개의 눈알 투사체를 플레이어에게 발사하는 것으로 바뀌고, 매초 10개의 눈알을 소환하여 플레이어를 둘러쌉니다.","異變0:
遠離玩家,每秒召喚3個骷髏劍士

異變1 (67%生命 / 30秒):
在異變0的基礎上多召喚1個骷髏弓手

異變2 (33%生命 / 60秒):
不再召喚骷髏,攻擊方式變為每秒向玩家發射5個眼球子彈,且每秒召喚10個眼球包圍玩家","Мутация 0:
Держитесь подальше от игроков, призывает 3 Скелетов-мечников в секунду.

Мутация 1 (67% ОЗ / 30 с):
В дополнение к Мутации 0 призывает 1 дополнительного Скелета-лучника.

Мутация 2 (33% ОЗ / 60 с):
Больше не призывает скелетов. Атака меняется на стрельбу 5 глазными яблоками-снарядами в игрока в секунду и призыв 10 глазных яблок, окружающих игрока, каждую секунду.","Mutacja 0:
Trzyma się z dala od graczy, przywołuje 3 Szkieletów szermierzy na sekundę.

Mutacja 1 (67% PŻ / 30 s):
Oprócz Mutacji 0, przywołuje 1 dodatkowego Szkieleta łucznika.

Mutacja 2 (33% PŻ / 60 s):
Nie przywołuje już szkieletów. Atak zmienia się na wystrzeliwanie 5 pocisków-gałek ocznych w gracza na sekundę i przywoływanie 10 gałek ocznych otaczających gracza co sekundę.","Mutación 0:
Se mantiene alejado de los jugadores, invoca 3 Esqueletos espadachines por segundo.

Mutación 1 (67% Vida / 30 s):
Además de la Mutación 0, invoca 1 Esqueleto arquero adicional.

Mutación 2 (33% Vida / 60 s):
Ya no invoca esqueletos. El ataque cambia a disparar 5 proyectiles de globo ocular al jugador por segundo, e invoca 10 globos oculares para rodear al jugador cada segundo.","Mutação 0:
Mantém distância dos jogadores, invoca 3 Esqueletos Espadachins por segundo.

Mutação 1 (67% PV / 30 s):
Além da Mutação 0, invoca 1 Esqueleto Arqueiro adicional.

Mutação 2 (33% PV / 60 s):
Não invoca mais esqueletos. O ataque muda para disparar 5 projéteis de globo ocular no jogador por segundo, e invoca 10 globos oculares para cercar o jogador a cada segundo.","Mutation 0:
Hält sich von Spielern fern, beschwört 3 Skelett-Schwertkämpfer pro Sekunde.

Mutation 1 (67% LP / 30 s):
Zusätzlich zu Mutation 0 wird 1 zusätzlicher Skelett-Bogenschütze beschworen.

Mutation 2 (33% LP / 60 s):
Beschwört keine Skelette mehr. Der Angriff ändert sich auf das Abfeuern von 5 Augapfelprojektilen pro Sekunde auf den Spieler und beschwört jede Sekunde 10 Augäpfel, die den Spieler umzingeln.","Mutasyon 0:
Oyuncudan uzak durur, saniyede 3 İskelet Kılıç Ustası çağırır.

Mutasyon 1 (%67 Can / 30 sn):
Mutasyon 0'a ek olarak, 1 ek İskelet Okçu çağırır.

Mutasyon 2 (%33 Can / 60 sn):
Artık iskelet çağırmaz. Saldırı, saniyede oyuncuya 5 göz küresi mermisi ateşlemeye ve her saniye oyuncuyu çevreleyen 10 göz küresi çağırmaya dönüşür.","Mutazione 0:
Stai lontano dai giocatori, evoca 3 Guerrieri scheletro con spada al secondo.

Mutazione 1 (67% PV / 30 s):
In aggiunta alla Mutazione 0, evoca 1 Arciere scheletro aggiuntivo.

Mutazione 2 (33% PV / 60 s):
Non evoca più scheletri. L'attacco diventa sparare 5 proiettili a forma di bulbo oculare al giocatore al secondo ed evocare 10 bulbi oculari che circondano il giocatore ogni secondo."
FANTASY_FALLEN_KNIGHT_NAME,Fallen Knight,Chevalier déchu,堕落骑士,フォールンナイト,타락한 기사,墮落騎士,Падший рыцарь,Upadły rycerz,Caballero caído,Cavaleiro caído,Gefallener Ritter,Düşmüş Şövalye,Cavaliere caduto
FANTASY_FALLEN_KNIGHT_BEHAVIOUR_DESCRIPTION,"Mutation 0:  
Chases the player. Every 2 seconds, alternates between:  
- Firing a arrow-shaped projectile at the player that expands from its tail end;  
- Firing two semicircular waves of projectiles at the player, with the second wave filling the gaps of the first

Mutation 1 (60% HP / 35s):  
Stops moving but performs a dash at the player every second. After each dash, fires an arrow-shaped projectile. After every three dashes, pauses for 3 seconds.","Mutation 0 :
Poursuit le joueur. Toutes les 2 secondes, alterne entre :
- Lancer un projectile en forme de flèche sur le joueur qui s'étend depuis son extrémité arrière ;
- Lancer deux vagues semi-circulaires de projectiles sur le joueur, la seconde vague remplissant les espaces de la première.

Mutation 1 (60% PV / 35s) :
Arrête de bouger mais effectue une ruée vers le joueur chaque seconde. Après chaque ruée, lance un projectile en forme de flèche. Toutes les trois ruées, fait une pause de 3 secondes.","异变0:
追击玩家,每2秒交替使用:
- 对玩家发射一个箭头形弹幕,且弹幕会以尾端为中心不断扩大;
- 对玩家发射两圈半圆形弹幕,第二圈子弹叠加在第一圈的空隙间

异变1(60%生命 / 35秒):
停止移动,但是每秒对玩家使用冲刺.每次冲刺结束后都回发射一次箭头弹幕.每冲刺三次,停顿3秒","変異0:
プレイヤーを追跡する.2秒ごとに以下を交互に行う:
- 尾部から拡大する矢型の投射物をプレイヤーに向けて発射する;
- プレイヤーに半円状の投射物の波を2回発射し,2回目の波が1回目の隙間を埋める.

変異1 (HP60% / 35秒):
移動を停止するが,毎秒プレイヤーに突進する.各突進後,矢型の投射物を発射する.3回突進するごとに3秒間停止する.","변이 0:
플레이어를 추격합니다. 2초마다 다음 패턴을 번갈아 사용합니다:
- 꼬리 끝에서부터 팽창하는 화살 모양 투사체를 플레이어에게 발사
- 플레이어에게 두 개의 반원형 투사체 파동을 발사하며, 두 번째 파동이 첫 번째 파동의 틈을 메움

변이 1 (체력 60% / 35초):
이동을 멈추지만 매 초 플레이어에게 돌진합니다. 매 돌진 후 화살 모양 투사체를 발사합니다. 세 번의 돌진마다 3초간 정지합니다.","異變0:
追擊玩家,每2秒交替使用:
- 對玩家發射一個箭頭形彈幕,且彈幕會以尾端為中心不斷擴大;
- 對玩家發射兩圈半圓形彈幕,第二圈子彈疊加在第一圈的空隙間

異變1(60%生命 / 35秒):
停止移動,但是每秒對玩家使用衝刺.每次衝刺結束後都回發射一次箭頭彈幕.每衝刺三次,停頓3秒","Мутация 0:  
Преследует игрока. Каждые 2 секунды чередует:
- Выстрел в игрока стреловидным снарядом, который расширяется от хвоста;
- Выпускает две полукруглые волны снарядов в игрока, вторая волна заполняет промежутки первой.

Мутация 1 (60% ОЗ / 35 с):  
Перестает двигаться, но каждую секунду совершает рывок к игроку. После каждого рывка стреляет стреловидным снарядом. После каждых трех рывков делает паузу на 3 секунды.","Mutacja 0:  
Ściga gracza. Co 2 sekundy na przemian:
- Wystrzeliwuje w gracza pocisk w kształcie strzały, który rozszerza się od końca;
- Wystrzeliwuje dwie półkoliste fale pocisków w gracza, przy czym druga fala wypełnia luki pierwszej.

Mutacja 1 (60% PŻ / 35 s):  
Przestaje się poruszać, ale co sekundę wykonuje doskok na gracza. Po każdym doskoku strzela pociskiem w kształcie strzały. Po każdych trzech doskokach robi 3-sekundową pauzę.","Mutación 0:  
Persigue al jugador. Cada 2 segundos, alterna entre:
- Disparar un proyectil en forma de flecha al jugador que se expande desde su extremo posterior;
- Disparar dos ondas semicirculares de proyectiles al jugador, con la segunda onda llenando los huecos de la primera.

Mutación 1 (60% Vida / 35s):  
Deja de moverse pero realiza una embestida al jugador cada segundo. Después de cada embestida, dispara un proyectil en forma de flecha. Después de cada tres embestidas, hace una pausa de 3 segundos.","Mutação 0:  
Persegue o jogador. A cada 2 segundos, alterna entre:
- Disparar um projétil em forma de flecha no jogador que se expande a partir da sua extremidade traseira;
- Disparar duas ondas semicirculares de projéteis no jogador, com a segunda onda preenchendo as lacunas da primeira.

Mutação 1 (60% PV / 35s):  
Para de se mover, mas realiza uma investida contra o jogador a cada segundo. Após cada investida, dispara um projétil em forma de flecha. A cada três investidas, faz uma pausa de 3 segundos.","Mutation 0:  
Verfolgt den Spieler. Alle 2 Sekunden wechselt zwischen:
- Abfeuern eines pfeilförmigen Projektils auf den Spieler, das sich vom Heck her ausdehnt;
- Abfeuern von zwei halbkreisförmigen Projektilwellen auf den Spieler, wobei die zweite Welle die Lücken der ersten füllt.

Mutation 1 (60% LP / 35 s):  
Hört auf sich zu bewegen, führt aber jede Sekunde einen Sturmangriff auf den Spieler aus. Nach jedem Sturmangriff wird ein pfeilförmiges Projektil abgefeuert. Nach jeweils drei Sturmangriffen pausiert es 3 Sekunden.","Mutasyon 0:  
Oyuncuyu kovalar. Her 2 saniyede bir şunları sırayla yapar:
- Oyuncuya kuyruk ucundan genişleyen ok şeklinde bir mermi ateşler;
- Oyuncuya yarım daire şeklinde iki mermi dalgası ateşler, ikinci dalga birincinin boşluklarını doldurur.

Mutasyon 1 (%60 Can / 35 sn):  
Hareket etmeyi bırakır ancak her saniye oyuncuya atılır. Her atılıştan sonra ok şeklinde bir mermi ateşler. Her üç atılışta bir 3 saniye duraklar.","Mutazione 0:  
Insegue il giocatore. Ogni 2 secondi, alterna:
- Sparare un proiettile a forma di freccia al giocatore che si espande dalla coda;
- Sparare due ondate semicircolari di proiettili al giocatore, con la seconda ondata che riempie gli spazi della prima.

Mutazione 1 (60% PV / 35 s):  
Smette di muoversi ma esegue uno scatto verso il giocatore ogni secondo. Dopo ogni scatto, spara un proiettile a forma di freccia. Dopo ogni tre scatti, si ferma per 3 secondi."
FANTASY_DRAGON_NAME,Dragon,Dragon,龙,ドラゴン,드래곤,龍,Дракон,Smok,Dragón,Dragão,Drache,Ejderha,Drago
FANTASY_DRAGON_BEHAVIOUR_DESCRIPTION,"Mutation 0:
Moves randomly, fires 3 Dragon Breaths in the direction of movement every 0.25 seconds, and pauses for 4 seconds after every 5 Dragon Breath casts

Mutation 1 (50% HP / 25s):
Summons a Dragon Tail composed of 10 bullets that spins around itself. The interval of Dragon Breath casts is changed to 0.16 seconds, the number of Dragon Breaths per cast is changed to 1, with an extended travel range

Mutation 2 (25% HP / 50s):
Stops moving, and dashes towards the player every 2 seconds. It continuously fires the Dragon Breath from Mutation 0 while dashing. The Dragon Tail remains active, while the Dragon Breath effect from Mutation 1 is disabled","Mutation 0 :
Se déplace aléatoirement, lance 3 Souffles du Dragon dans la direction du déplacement toutes les 0,25 seconde, et fait une pause de 4 secondes après chaque série de 5 Souffles du Dragon.

Mutation 1 (50% PV / 25s) :
Invoque une Queue de Dragon composée de 10 projectiles qui tourne autour de lui. L'intervalle des Souffles du Dragon passe à 0,16 seconde, le nombre de Souffles par lancer à 1, avec une portée étendue.

Mutation 2 (25% PV / 50s) :
Cesse de se déplacer et fonce vers le joueur toutes les 2 secondes. Il lance continuellement le Souffle du Dragon de la Mutation 0 pendant la ruée. La Queue de Dragon reste active, tandis que l'effet du Souffle du Dragon de la Mutation 1 est désactivé.","异变0:
随机移动,每0.25秒朝移动方向发射3个龙息,每5次龙息后,停顿4秒

异变1 (50%生命 / 25秒):
召唤由10个子弹组成的龙尾,围绕自身旋转,龙息的间隔改为0.16秒,数量改为1个,但距离更远

异变2 (25%生命 / 50秒):
停止移动,每2秒对玩家使用冲刺.冲刺时会不断发射异变0的龙息,龙尾依旧存在,但异变1的龙息消失","変異0:
ランダムに移動し,0.25秒ごとに移動方向に3つのドラゴンブレスを発射する.5回のドラゴンブレスごとに4秒間停止する.

変異1 (HP50% / 25秒):
自身の周りを回転する10発の弾で構成されたドラゴンテイルを召喚する.ドラゴンブレスの間隔が0.16秒に,1回あたりのブレス数が1に変更され,射程が延長される.

変異2 (HP25% / 50秒):
移動を停止し,2秒ごとにプレイヤーに突進する.突進中は変異0のドラゴンブレスを連続で発射する.ドラゴンテイルは維持されるが,変異1のドラゴンブレス効果は無効化される.","변이 0:
무작위로 이동하며, 0.25초마다 이동 방향으로 3회의 드래곤 브레스를 발사하고, 5회 발사 후 4초간 정지합니다.

변이 1 (체력 50% / 25초):
자신의 주위를 회전하는 10개의 탄환으로 구성된 드래곤 테일을 소환합니다. 드래곤 브레스의 간격이 0.16초, 발사 횟수가 1회로 변경되며, 사거리가 증가합니다.

변이 2 (체력 25% / 50초):
이동을 멈추고 2초마다 플레이어에게 돌진합니다. 돌진 중에는 변이 0의 드래곤 브레스를 계속 발사합니다. 드래곤 테일은 유지되나, 변이 1의 드래곤 브레스 효과는 사라집니다.","異變0:
隨機移動,每0.25秒朝移動方向發射3個龍息,每5次龍息後,停頓4秒

異變1 (50%生命 / 25秒):
召喚由10個子彈組成的龍尾,圍繞自身旋轉,龍息的間隔改為0.16秒,數量改為1個,但距離更遠

異變2 (25%生命 / 50秒):
停止移動,每2秒對玩家使用衝刺.衝刺時會不斷發射異變0的龍息,龍尾依舊存在,但異變1的龍息消失","Мутация 0:
Двигается случайно, каждые 0,25 сек. выпускает 3 Дыхания Дракона в направлении движения и делает паузу на 4 сек. после каждых 5 залпов.

Мутация 1 (50% ОЗ / 25с):
Призывает Хвост Дракона из 10 пуль, вращающийся вокруг него. Интервал Дыханий Дракона меняется на 0,16 сек., количество за раз — на 1, с увеличенной дальностью.

Мутация 2 (25% ОЗ / 50с):
Перестает двигаться и совершает рывок к игроку каждые 2 секунды. Во время рывка непрерывно выпускает Дыхание Дракона из Мутации 0. Хвост Дракона активен, эффект Дыхания Дракона из Мутации 1 отключен.","Mutacja 0:
Porusza się losowo, co 0,25 sekundy strzela 3 Smoczymi Oddechami w kierunku ruchu i robi 4-sekundową pauzę po każdych 5 strzałach.

Mutacja 1 (50% PŻ / 25 s):
Przywołuje Smoczy Ogon złożony z 10 pocisków wirujących wokół niego. Odstęp między Smoczymi Oddechami zmienia się na 0,16 s, liczba na jeden strzał na 1, o zwiększonym zasięgu.

Mutacja 2 (25% PŻ / 50 s):
Przestaje się ruszać i co 2 sekundy doskakuje do gracza. Podczas doskoku nieprzerwanie pluje Smoczym Oddechem z Mutacji 0. Smoczy Ogon pozostaje, ale efekt Oddechu z Mutacji 1 jest wyłączony.","Mutación 0:
Se mueve aleatoriamente, dispara 3 Alientos de Dragón en la dirección del movimiento cada 0.25 segundos, y hace una pausa de 4 segundos después de cada 5 disparos.

Mutación 1 (50% Vida / 25s):
Invoca una Cola de Dragón compuesta de 10 balas que gira a su alrededor. El intervalo del Aliento de Dragón cambia a 0.16 segundos, el número por disparo a 1, con alcance extendido.

Mutación 2 (25% Vida / 50s):
Deja de moverse y embiste al jugador cada 2 segundos. Dispara continuamente el Aliento de Dragón de la Mutación 0 mientras embiste. La Cola de Dragón sigue activa, pero el efecto del Aliento de la Mutación 1 se desactiva.","Mutação 0:
Move-se aleatoriamente, dispara 3 Sopro do Dragão na direção do movimento a cada 0,25 segundos e pausa por 4 segundos após cada 5 rajadas.

Mutação 1 (50% PV / 25s):
Invoca uma Cauda de Dragão composta por 10 balas que gira ao seu redor. O intervalo dos Sopros do Dragão muda para 0,16 segundos, o número por disparo para 1, com alcance estendido.

Mutação 2 (25% PV / 50s):
Para de se mover e avança contra o jogador a cada 2 segundos. Dispara continuamente o Sopro do Dragão da Mutação 0 durante a investida. A Cauda de Dragão permanece ativa, enquanto o efeito do Sopro da Mutação 1 é desativado.","Mutation 0:
Bewegt sich zufällig, feuert alle 0,25 Sekunden 3 Drachenodem in Bewegungsrichtung und pausiert 4 Sekunden nach jeweils 5 Drachenodem-Einsätzen.

Mutation 1 (50% LP / 25 s):
Beschwört einen Drachenschweif aus 10 Kugeln, der sich um sich selbst dreht. Das Intervall des Drachenodems wird auf 0,16 Sekunden geändert, die Anzahl pro Einsatz auf 1, mit erhöhter Reichweite.

Mutation 2 (25% LP / 50 s):
Hört auf sich zu bewegen und stürmt alle 2 Sekunden auf den Spieler zu. Dabei feuert es kontinuierlich den Drachenodem von Mutation 0. Der Drachenschweif bleibt aktiv, während der Drachenodem-Effekt von Mutation 1 deaktiviert ist.","Mutasyon 0:
Rastgele hareket eder, her 0,25 saniyede bir hareket yönünde 3 Ejderha Nefesi ateşler ve her 5 Ejderha Nefesinden sonra 4 saniye duraklar.

Mutasyon 1 (%50 Can / 25 sn):
Etrafında dönen 10 mermiden oluşan bir Ejderha Kuyruğu çağırır. Ejderha Nefesi aralığı 0,16 saniyeye düşer, atış başına sayı 1 olur, menzili artar.

Mutasyon 2 (%25 Can / 50 sn):
Hareket etmeyi bırakır ve her 2 saniyede bir oyuncuya doğru atılır. Atılma sırasında Mutasyon 0'daki Ejderha Nefesini sürekli ateşler. Ejderha Kuyruğu kalır, ancak Mutasyon 1'deki Ejderha Nefesi etkisi kaybolur.","Mutazione 0:
Si muove casualmente, spara 3 Soffi di Drago nella direzione del movimento ogni 0,25 secondi e si ferma per 4 secondi dopo ogni 5 emissioni.

Mutazione 1 (50% PV / 25 s):
Evoca una Coda di Drago composta da 10 proiettili che gli ruota intorno. L'intervallo dei Soffi di Drago diventa 0,16 secondi, il numero per emissione diventa 1, con gittata estesa.

Mutazione 2 (25% PV / 50 s):
Smette di muoversi e scatta verso il giocatore ogni 2 secondi. Durante lo scatto spara continuamente il Soffio di Drago della Mutazione 0. La Coda di Drago rimane attiva, mentre l'effetto del Soffio della Mutazione 1 è disabilitato."
FANTASY_GREAT_DEMON_LORD_NAME,Great Demon Lord,Grand seigneur démon,大恶魔领主,大魔王,대악마 군주,大惡魔領主,Великий повелитель демонов,Wielki Władca Demonów,Gran Señor Demonio,Grande Lorde Demônio,Großer Dämonenfürst,Büyük Şeytan Lordu,Grande Signore Demone
FANTASY_GREAT_DEMON_LORD_BEHAVIOUR_DESCRIPTION,"Mutation 0:  
Chases the player, uses a dash toward the player every 3 seconds. When dashing starts, fires 1 crescent-shaped projectile in the facing direction; after dashing ends, fires 3 projectiles toward the player

Mutation 1 (75% HP / 20s):  
Uses a dash toward the player every 2 seconds. While dashing, fires 1 crescent-shaped projectile and 3 projectiles to each side backward

Mutation 2 (50% HP / 40s):  
No longer dashes; movement speed greatly increased. Pauses briefly every 3 seconds, then fires a rectangular barrage composed of 3 slashes toward the player, accompanied by 3 crescent-shaped projectiles on each side

Mutation 3 (25% HP / 60s):  
Uses a dash toward the player every second. During the dash, releases 6 slashes around itself; at the end of the dash, generates either a horizontal or vertical slash barrage that crosses the entire screen","Mutation 0 :
Poursuit le joueur, utilise une ruée vers lui toutes les 3 secondes. Au début de la ruée, tire 1 projectile en forme de croissant dans la direction du regard ; après la ruée, tire 3 projectiles vers le joueur.

Mutation 1 (75% PV / 20s) :
Utilise une ruée vers le joueur toutes les 2 secondes. Pendant la ruée, tire 1 projectile en forme de croissant et 3 projectiles de chaque côté vers l'arrière.

Mutation 2 (50% PV / 40s) :
Ne fonce plus ; la vitesse de déplacement est grandement augmentée. Fait une brève pause toutes les 3 secondes, puis lance un barrage rectangulaire composé de 3 taillades vers le joueur, accompagné de 3 projectiles en croissant de chaque côté.

Mutation 3 (25% PV / 60s) :
Utilise une ruée vers le joueur chaque seconde. Pendant la ruée, libère 6 taillades autour de lui ; à la fin de la ruée, génère un barrage de taillades horizontal ou vertical traversant tout l'écran.","异变0:
追逐玩家,每3秒对玩家使用冲刺.冲刺开始时向面朝的方向发射1道半月形投射物,冲刺结束后向玩家发射3个弹丸.

异变1 (75%生命 / 20秒):
每2秒对玩家使用冲刺.冲刺时向后方两侧各发射1道半月形投射物和3个弹丸

异变2 (50%生命 / 40秒):
不再冲刺,移速大幅度提高,每3秒停顿片刻,随后朝玩家发射由3道刀光组成的长方形弹幕,其两侧各伴随3道半月形投射物

异变3 (25%生命 / 60秒):
每秒对玩家使用冲刺.冲刺过程中朝周围发射6道刀光,冲刺结束时会生成由刀光组成的跨越全图的横型弹幕或竖型弹幕","変異0:
プレイヤーを追跡し,3秒ごとに突進を使用する.突進開始時に正面方向に1本の三日月形の投射物を放ち,突進終了後にプレイヤーに向けて3つの発射体を放つ.

変異1 (HP75% / 20秒):
2秒ごとにプレイヤーに突進する.突進中,後方の両側にそれぞれ1本の三日月形投射物と3つの発射体を放つ.

変異2 (HP50% / 40秒):
突進しなくなり,移動速度が大幅に上昇.3秒ごとに少し停止し,3本の斬撃で構成される長方形の弾幕をプレイヤーに向けて発射し,両側に3本ずつの三日月形投射物を伴わせる.

変異3 (HP25% / 60秒):
毎秒プレイヤーに突進する.突進中,周囲に6本の斬撃を放ち,突進終了時に画面全体を横切る水平または垂直の斬撃弾幕を生成する.","변이 0:
플레이어를 쫓아, 3초마다 플레이어에게 돌진합니다. 돌진 시작 시 바라보는 방향으로 초승달 모양 투사체 1개를 발사하고, 돌진 종료 후 플레이어를 향해 3개의 투사체를 발사합니다.

변이 1 (체력 75% / 20초):
2초마다 플레이어에게 돌진합니다. 돌진 중 뒤쪽 양옆으로 초승달 모양 투사체 1개와 3개의 투사체를 발사합니다.

변이 2 (체력 50% / 40초):
더 이상 돌진하지 않고 이동 속도가 크게 증가합니다. 3초마다 잠시 멈춘 후, 3개의 검기로 구성된 직사각형 탄막을 플레이어에게 발사하며, 양측에 3개의 초승달 모양 투사체가 동반됩니다.

변이 3 (체력 25% / 60초):
매 초 플레이어에게 돌진합니다. 돌진 동안 주위에 6개의 검기를 방출하고, 돌진 종료 시 화면 전체를 가로지르는 수평 또는 수직 검기 탄막을 생성합니다.","異變0:
追逐玩家,每3秒對玩家使用衝刺.衝刺開始時向面朝的方向發射1道半月形投射物,衝刺結束後向玩家發射3個彈丸.

異變1 (75%生命 / 20秒):
每2秒對玩家使用衝刺.衝刺時向後方兩側各發射1道半月形投射物和3個彈丸

異變2 (50%生命 / 40秒):
不再衝刺,移速大幅度提高,每3秒停頓片刻,隨後朝玩家發射由3道刀光組成的長方形彈幕,其兩側各伴隨3道半月形投射物

異變3 (25%生命 / 60秒):
每秒對玩家使用衝刺.衝刺過程中朝周圍發射6道刀光,衝刺結束時會生成由刀光組成的跨越全圖的橫型彈幕或豎型彈幕","Мутация 0:
Преследует игрока, раз в 3 секунды делает рывок к нему. При начале рывка пускает 1 серповидный снаряд в направлении взгляда; после рывка пускает 3 снаряда в игрока.

Мутация 1 (75% ОЗ / 20с):
Использует рывок к игроку каждые 2 секунды. Во время рывка пускает 1 серповидный снаряд и по 3 снаряда в каждую сторону назад.

Мутация 2 (50% ОЗ / 40с):
Больше не рывкает; скорость передвижения сильно увеличена. Каждые 3 секунды делает короткую паузу, затем выпускает в игрока прямоугольный залп из 3 ударов, сопровождаемый 3 серповидными снарядами с каждой стороны.

Мутация 3 (25% ОЗ / 60с):
Использует рывок к игроку каждую секунду. Во время рывка выпускает 6 ударов вокруг себя; в конце рывка создает горизонтальный или вертикальный залп из ударов, пересекающий весь экран.","Mutacja 0:
Ściga gracza, co 3 sekundy wykonuje doskok. Na początku doskoku strzela 1 pociskiem półksiężycowym w kierunku patrzenia; po zakończeniu doskoku strzela 3 pociskami w gracza.

Mutacja 1 (75% PŻ / 20 s):
Co 2 sekundy wykonuje doskok na gracza. Podczas doskoku strzela 1 pociskiem półksiężycowym i po 3 pociski w każdą stronę do tyłu.

Mutacja 2 (50% PŻ / 40 s):
Nie doskakuje; prędkość ruchu znacznie zwiększona. Co 3 sekundy robi krótką pauzę, po czym wystrzeliwuje w gracza prostokątną salwę składającą się z 3 cięć, z 3 półksiężycowymi pociskami po każdej stronie.

Mutacja 3 (25% PŻ / 60 s):
Co sekundę wykonuje doskok na gracza. W trakcie doskoku uwalnia 6 cięć wokół siebie; na końcu doskoku tworzy poziomą lub pionową salwę cięć przecinającą cały ekran.","Mutación 0:
Persigue al jugador, usa una embestida cada 3 segundos. Al comenzar la embestida, dispara 1 proyectil en forma de media luna en la dirección que mira; al terminar, dispara 3 proyectiles hacia el jugador.

Mutación 1 (75% Vida / 20s):
Usa una embestida hacia el jugador cada 2 segundos. Durante la embestida, dispara 1 proyectil de media luna y 3 proyectiles hacia atrás a cada lado.

Mutación 2 (50% Vida / 40s):
Ya no embiste; la velocidad de movimiento aumenta enormemente. Cada 3 segundos se detiene brevemente, luego lanza un bombardeo rectangular compuesto por 3 cortes hacia el jugador, acompañado de 3 proyectiles de media luna a cada lado.

Mutación 3 (25% Vida / 60s):
Usa una embestida cada segundo. Durante la embestida, libera 6 cortes a su alrededor; al final de la embestida, genera un bombardeo de cortes horizontal o vertical que cruza toda la pantalla.","Mutação 0:
Persegue o jogador, usa uma investida a cada 3 segundos. Ao iniciar a investida, dispara 1 projétil em forma de meia-lua na direção do olhar; ao terminar, dispara 3 projéteis na direção do jogador.

Mutação 1 (75% PV / 20s):
Usa uma investida contra o jogador a cada 2 segundos. Durante a investida, dispara 1 projétil em forma de meia-lua e 3 projéteis para trás em cada lado.

Mutação 2 (50% PV / 40s):
Não investe mais; velocidade de movimento muito aumentada. Faz uma breve pausa a cada 3 segundos, depois lança uma barragem retangular composta por 3 cortes na direção do jogador, acompanhada por 3 projéteis de meia-lua em cada lado.

Mutação 3 (25% PV / 60s):
Usa uma investida contra o jogador a cada segundo. Durante a investida, libera 6 cortes ao seu redor; ao final da investida, gera uma barragem de cortes horizontal ou vertical que cruza a tela inteira.","Mutation 0:
Verfolgt den Spieler, setzt alle 3 Sekunden einen Sturmangriff ein. Zu Beginn des Sturms feuert es 1 halbmondförmiges Projektil in Blickrichtung; nach dem Sturm 3 Projektile auf den Spieler.

Mutation 1 (75% LP / 20 s):
Setzt alle 2 Sekunden einen Sturmangriff ein. Während des Sturms feuert es 1 halbmondförmiges Projektil und 3 Projektile nach hinten zu jeder Seite.

Mutation 2 (50% LP / 40 s):
Kein Sturmangriff mehr; Bewegungsgeschwindigkeit stark erhöht. Pausiert kurz alle 3 Sekunden und feuert dann eine rechteckige Salve aus 3 Hieben auf den Spieler, flankiert von 3 halbmondförmigen Projektilen auf jeder Seite.

Mutation 3 (25% LP / 60 s):
Setzt jede Sekunde einen Sturmangriff ein. Während des Sturms setzt es 6 Hiebe um sich herum frei; am Ende des Sturms erzeugt es eine horizontale oder vertikale Hiebsalve, die den gesamten Bildschirm durchzieht.","Mutasyon 0:
Oyuncuyu kovalar, her 3 saniyede bir atılır. Atılma başlarken baktığı yöne 1 hilal şekilli mermi atar; atılma bittikten sonra oyuncuya 3 mermi ateşler.

Mutasyon 1 (%75 Can / 20 sn):
Her 2 saniyede bir oyuncuya atılır. Atılırken her iki yanına geriye doğru 1er hilal mermi ve 3er mermi ateşler.

Mutasyon 2 (%50 Can / 40 sn):
Artık atılmaz; hareket hızı büyük ölçüde artar. Her 3 saniyede bir kısaca duraklar, sonra oyuncuya 3 kesikten oluşan dikdörtgen bir yaylım ateşler, yanlarında 3er hilal mermi eşlik eder.

Mutasyon 3 (%25 Can / 60 sn):
Her saniye oyuncuya atılır. Atılma sırasında etrafına 6 kesik saçar; atılma sonunda tüm ekranı kaplayan yatay veya dikey bir kesik yaylımı oluşturur.","Mutazione 0:
Insegue il giocatore, usa uno scatto ogni 3 secondi. All'inizio dello scatto, spara 1 proiettile a mezzaluna nella direzione di fronte; al termine, spara 3 proiettili verso il giocatore.

Mutazione 1 (75% PV / 20 s):
Usa uno scatto verso il giocatore ogni 2 secondi. Durante lo scatto, spara 1 proiettile a mezzaluna e 3 proiettili a ciascun lato all'indietro.

Mutazione 2 (50% PV / 40 s):
Non scatta più; velocità di movimento molto aumentata. Ogni 3 secondi fa una breve pausa, poi spara verso il giocatore un barrage rettangolare composto da 3 fendenti, accompagnato da 3 proiettili a mezzaluna su ciascun lato.

Mutazione 3 (25% PV / 60 s):
Usa uno scatto verso il giocatore ogni secondo. Durante lo scatto, rilascia 6 fendenti attorno a sé; al termine dello scatto, genera un barrage di fendenti orizzontale o verticale che attraversa l'intero schermo."
FANTASY_ELDER_SHADOW_NAME,Elder Shadow,Ombre ancienne,旧日虚影,エルダーシャドウ,고대 그림자,舊日虛影,Древняя Тень,Prastary Cień,Sombra anciana,Sombra anciã,Uralter Schatten,Kadim Gölge,Ombra Antica
FANTASY_ELDER_SHADOW_BEHAVIOUR_DESCRIPTION,"A persistent clock array exists on the field: with the very center of the map as the pivot, 12 cardinal directions are marked, forming hour and minute hands. Both hands light up once per second for 0.5 seconds, dealing damage to the player while lit. The minute hand rotates clockwise once per light-up; the hour hand rotates only once every 12 light-ups

Mutation 0:
Moves in a winding path chasing the player. When it gets within a certain range of the player, it teleports to the opposite side of the arena

Mutation 1 (75% HP / 20s):
Movement changes: it teleports clockwise between the positions pointed to by the tips of the minute hand. Each teleport is followed by firing 6 bullets aimed at the player

Mutation 2 (50% HP / 40s):
Movement returns to the winding pattern of Mutation 0, but each teleport now releases 8 bullets in all directions. It now continuously heals nearby enemies

Mutation 3 (25% HP / 60s):
Stays at the center of the map. Gears that move upward in a winding pattern now appear from the bottom of the screen. Its healing effect now ignores range but only affects the Great Demon Lord","Un réseau d'horloge persistant existe sur le terrain : avec le centre exact de la carte comme pivot, 12 directions cardinales sont marquées, formant les aiguilles des heures et des minutes. Les deux aiguilles s'allument une fois par seconde pendant 0,5 seconde, infligeant des dégâts au joueur lorsqu'elles sont allumées. La grande aiguille tourne d'un pas dans le sens horaire à chaque allumage ; la petite aiguille ne tourne qu'une fois tous les 12 allumages.

Mutation 0 :
Se déplace en zigzag à la poursuite du joueur. Lorsqu'il arrive à une certaine portée du joueur, il se téléporte du côté opposé de l'arène.

Mutation 1 (75% PV / 20s) :
Le déplacement change : il se téléporte dans le sens horaire entre les positions indiquées par les pointes de la grande aiguille. Chaque téléportation est suivie du tir de 6 balles visant le joueur.

Mutation 2 (50% PV / 40s) :
Le déplacement revient au schéma en zigzag de la Mutation 0, mais chaque téléportation libère désormais 8 balles dans toutes les directions. Il soigne désormais continuellement les ennemis proches.

Mutation 3 (25% PV / 60s) :
Reste au centre de la carte. Des engrenages qui montent en zigzag apparaissent maintenant du bas de l'écran. Son effet de soin ignore la portée mais n'affecte plus que le Grand Seigneur Démon.","场上始终存在时钟阵列:以地图最中心为圆心,规划出12个正方向,分为时针和分针,时针和分针均为每秒点亮1次,持续0.5秒,在点亮期间可对玩家造成伤害,分针每次点亮都会顺时针转动1次,时针每点亮12次才会转动1次

异变0:
蜿蜒前行追逐玩家,在靠近玩家一定范围后会瞬移到对面方向

异变1 (75%生命 / 20秒):
移动方式变为在各个分针顶端指向的位置之间按顺时针瞬移,每次瞬移都会发射6个射向玩家的子弹

异变2 (50%生命 / 40秒):
移动方式变为异变0的移动方式,但每次瞬移都会向周围发射8个子弹,现在会持续恢复周围敌人生命

异变3 (25%生命 / 60秒):
停留在地图中心,地图下方会有向上移动的蜿蜒运动的齿轮弹幕,现在无视距离只恢复大恶魔领主的生命","フィールド上には常に時計のアレイが存在する:マップの正確な中心を軸に,12の正方向が刻まれ,時針と分針を形成.両針とも毎秒1回,0.5秒間光り,光っている間にプレイヤーにダメージを与える.分針は光るたびに時計回りに1目盛り回転,時針は12回光るごとに1回のみ回転.

変異0:
蛇行しつつプレイヤーを追跡.プレイヤーに一定範囲まで近づくと,アリーナの反対側にテレポートする.

変異1 (HP75% / 20秒):
移動方法が変わり,分針の先端が指す位置の間を時計回りにテレポートする.各テレポート後,プレイヤーを狙った6発の弾を発射.

変異2 (HP50% / 40秒):
移動方法が変異0の蛇行パターンに戻るが,テレポートのたびに全方向に8発の弾を放つ.周囲の敵を継続的に回復するようになる.

変異3 (HP25% / 60秒):
マップ中央に留まる.画面下部から蛇行しながら上昇する歯車の弾幕が出現する.回復効果が距離無視となるが,大魔王にのみ影響する.","필드에는 지속적인 시계 배열이 존재합니다: 지도 중앙을 중심으로 12개의 기본 방향이 표시되어 시침과 분침을 형성합니다. 두 바늘은 매초 0.5초 동안 점등되며, 점등된 동안 플레이어에게 피해를 줍니다. 분침은 매 점등마다 시계 방향으로 1회전하고, 시침은 12회 점등마다 1회전합니다.

변이 0:
구불거리며 플레이어를 쫓습니다. 플레이어 일정 범위 내에 접근하면 경기장 반대편으로 순간이동합니다.

변이 1 (체력 75% / 20초):
이동 방식이 분침 끝이 가리키는 위치 사이를 시계 방향으로 순간이동하는 것으로 변경됩니다. 각 순간이동 후 플레이어를 겨냥한 6발의 탄환을 발사합니다.

변이 2 (체력 50% / 40초):
이동 방식이 변이 0의 구불거리는 패턴으로 돌아가지만, 각 순간이동 시 모든 방향으로 8발의 탄환을 방출합니다. 이제 주변 적을 지속적으로 치유합니다.

변이 3 (체력 25% / 60초):
지도 중앙에 머뭅니다. 화면 하단에서 구불거리며 상승하는 톱니바퀴 탄막이 나타납니다. 치유 효과가 이제 사거리를 무시하고 대악마 군주에게만 적용됩니다.","場上始終存在時鐘陣列:以地圖最中央為圓心,規劃出12個正方向,分為時針和分針,時針和分針均為每秒點亮1次,持續0.5秒,在點亮期間可對玩家造成傷害,分針每次點亮都會順時針轉動1次,時針每點亮12次才會轉動1次

異變0:
蜿蜒前行追逐玩家,在靠近玩家一定範圍後會瞬移到對面方向

異變1 (75%生命 / 20秒):
移動方式變為在各個分針頂端指向的位置之間按順時針瞬移,每次瞬移都會發射6個射向玩家的子彈

異變2 (50%生命 / 40秒):
移動方式變為異變0的移動方式,但每次瞬移都會向周圍發射8個子彈,現在會持續恢復周圍敵人生命

異變3 (25%生命 / 60秒):
停留在地圖中心,地圖下方會有向上移動的蜿蜒運動的齒輪彈幕,現在無視距離只恢復大惡魔領主的生命","Постоянный часовой массив существует на поле: с центром карты в качестве оси отмечены 12 сторон света, образующие часовую и минутную стрелки. Обе стрелки загораются раз в секунду на 0,5 секунды, нанося урон игроку, пока горят. Минутная стрелка поворачивается по часовой стрелке раз в загорание; часовая — только раз в 12 загораний.

Мутация 0:
Двигается извилистым путем, преследуя игрока. Когда оказывается в определенном радиусе от игрока, телепортируется на противоположную сторону арены.

Мутация 1 (75% ОЗ / 20с):
Движение меняется: телепортируется по часовой стрелке между позициями, на которые указывают кончики минутной стрелки. Каждая телепортация сопровождается выстрелом 6 пуль, целящихся в игрока.

Мутация 2 (50% ОЗ / 40с):
Движение возвращается к извилистому шаблону Мутации 0, но каждая телепортация теперь выпускает 8 пуль во все стороны. Теперь постоянно лечит ближайших врагов.

Мутация 3 (25% ОЗ / 60с):
Остается в центре карты. Снизу экрана появляются шестерни, движущиеся вверх извилистым образом. Эффект лечения теперь игнорирует расстояние, но действует только на Великого повелителя демонов.","Na polu istnieje stały mechanizm zegarowy: z samym środkiem mapy jako osią zaznaczono 12 kierunków kardynalnych, tworząc wskazówkę godzinową i minutową. Obie wskazówki zapalają się raz na sekundę na 0,5 sekundy, zadając obrażenia graczowi, gdy są zapalone. Wskazówka minutowa obraca się o krok zgodnie z ruchem wskazówek zegara przy każdym zapaleniu; wskazówka godzinowa obraca się tylko raz na 12 zapaleń.

Mutacja 0:
Porusza się krętą ścieżką, goniąc gracza. Gdy znajdzie się w pewnym zasięgu od gracza, teleportuje się na przeciwną stronę areny.

Mutacja 1 (75% PŻ / 20s):
Ruch się zmienia: teleportuje się zgodnie z ruchem wskazówek zegara pomiędzy pozycjami, na które wskazują końce wskazówek minutowej. Po każdej teleportacji strzela 6 kulami wymierzonymi w gracza.

Mutacja 2 (50% PŻ / 40s):
Ruch wraca do wzorca z Mutacji 0, ale każda teleportacja uwalnia teraz 8 kul we wszystkich kierunkach. Teraz stale leczy pobliskich wrogów.

Mutacja 3 (25% PŻ / 60s):
Pozostaje na środku mapy. Z dołu ekranu pojawiają się teraz koła zębate poruszające się w górę krętym wzorcem. Jego efekt leczenia ignoruje teraz zasięg, ale dotyczy tylko Wielkiego Władcy Demonów.","Existe una matriz de reloj persistente en el campo: con el centro exacto del mapa como pivote, se marcan 12 direcciones cardinales, formando agujas horarias y minuteras. Ambas agujas se iluminan una vez por segundo durante 0.5 segundos, infligiendo daño al jugador mientras están iluminadas. La minutera gira un paso en sentido horario por cada iluminación; la horaria gira solo una vez cada 12 iluminaciones.

Mutación 0:
Se mueve en un camino serpenteante persiguiendo al jugador. Cuando se acerca a cierto rango del jugador, se teletransporta al lado opuesto de la arena.

Mutación 1 (75% Vida / 20s):
El movimiento cambia: se teletransporta en sentido horario entre las posiciones señaladas por las puntas de la minutera. Cada teletransporte es seguido del disparo de 6 balas dirigidas al jugador.

Mutación 2 (50% Vida / 40s):
El movimiento vuelve al patrón serpenteante de la Mutación 0, pero cada teletransporte ahora libera 8 balas en todas direcciones. Ahora cura continuamente a los enemigos cercanos.

Mutación 3 (25% Vida / 60s):
Permanece en el centro del mapa. Ahora aparecen engranajes que se mueven hacia arriba en un patrón serpenteante desde la parte inferior de la pantalla. Su efecto de curación ahora ignora el alcance pero solo afecta al Gran Señor Demonio.","Um mecanismo de relógio persistente existe no campo: com o centro exato do mapa como pivô, 12 direções cardeais são marcadas, formando os ponteiros das horas e dos minutos. Ambos os ponteiros acendem uma vez por segundo por 0,5 segundos, causando dano ao jogador enquanto acesos. O ponteiro dos minutos gira um passo no sentido horário a cada acendimento; o das horas gira apenas uma vez a cada 12 acendimentos.

Mutação 0:
Move-se em um caminho sinuoso perseguindo o jogador. Quando chega a um certo alcance do jogador, teletransporta-se para o lado oposto da arena.

Mutação 1 (75% PV / 20s):
O movimento muda: teletransporta-se em sentido horário entre as posições apontadas pelas pontas do ponteiro dos minutos. Cada teletransporte é seguido por 6 tiros mirados no jogador.

Mutação 2 (50% PV / 40s):
O movimento volta ao padrão sinuoso da Mutação 0, mas cada teletransporte agora libera 8 balas em todas as direções. Ele agora cura continuamente os inimigos próximos.

Mutação 3 (25% PV / 60s):
Permanece no centro do mapa. Engrenagens que se movem para cima em um padrão sinuoso agora aparecem na parte inferior da tela. Seu efeito de cura agora ignora o alcance, mas afeta apenas o Grande Lorde Demônio.","Ein dauerhaftes Uhrwerk-Array existiert auf dem Feld: Mit der genauen Mitte der Karte als Drehpunkt sind 12 Himmelsrichtungen markiert, die Stunden- und Minutenzeiger bilden. Beide Zeiger leuchten einmal pro Sekunde für 0,5 Sekunden auf und verursachen Schaden am Spieler, während sie leuchten. Der Minutenzeiger dreht sich bei jedem Aufleuchten im Uhrzeigersinn um einen Schritt; der Stundenzeiger dreht sich nur einmal alle 12 Aufleuchten.

Mutation 0:
Bewegt sich auf einem gewundenen Pfad und jagt den Spieler. Wenn es dem Spieler zu nahe kommt, teleportiert es sich auf die gegenüberliegende Seite der Arena.

Mutation 1 (75% LP / 20 s):
Bewegungsänderung: Es teleportiert sich im Uhrzeigersinn zwischen den Positionen, auf die die Spitzen des Minutenzeigers zeigen. Nach jedem Teleport feuert es 6 Kugeln auf den Spieler.

Mutation 2 (50% LP / 40 s):
Die Bewegung kehrt zum gewundenen Muster von Mutation 0 zurück, aber bei jedem Teleport werden jetzt 8 Kugeln in alle Richtungen freigesetzt. Es heilt jetzt kontinuierlich nahe Gegner.

Mutation 3 (25% LP / 60 s):
Bleibt im Zentrum der Karte. Zahnräder, die in einem gewundenen Muster nach oben steigen, erscheinen jetzt am unteren Bildschirmrand. Seine Heilwirkung ignoriert nun die Reichweite, betrifft aber nur den Großen Dämonenfürsten.","Alanda sürekli bir saat dizilimi bulunur: haritanın tam merkezi eksen alınarak 12 ana yön işaretlenir, akrep ve yelkovanı oluşturur. Her iki ibre de saniyede bir 0,5 saniyeliğine yanar ve yandıkları sürece oyuncuya hasar verir. Yelkovan her yanmada saat yönünde bir adım döner; akrep ise yalnızca her 12 yanmada bir döner.

Mutasyon 0:
Oyuncuyu kovalarken kıvrımlı bir yolda ilerler. Oyuncuya belirli bir mesafeye yaklaştığında, arenanın karşı tarafına ışınlanır.

Mutasyon 1 (%75 Can / 20 sn):
Hareketi değişir: yelkovanın ucunun gösterdiği konumlar arasında saat yönünde ışınlanır. Her ışınlanmanın ardından oyuncuya yönelik 6 mermi ateşler.

Mutasyon 2 (%50 Can / 40 sn):
Hareketi Mutasyon 0'daki kıvrımlı düzene döner, ancak her ışınlanmada artık tüm yönlere 8 mermi saçar. Şimdi sürekli olarak yakındaki düşmanları iyileştirir.

Mutasyon 3 (%25 Can / 60 sn):
Haritanın merkezinde durur. Ekranın altından şimdi yukarı doğru kıvrımlı hareket eden dişliler belirir. İyileştirme etkisi artık menzili yok sayar ancak yalnızca Büyük Şeytan Lordu'nu etkiler.","Un array di orologio persiste sul campo: con il centro esatto della mappa come perno, sono segnate 12 direzioni cardinali, che formano le lancette delle ore e dei minuti. Entrambe le lancette si illuminano una volta al secondo per 0,5 secondi, infliggendo danni al giocatore mentre sono accese. La lancetta dei minuti ruota in senso orario ad ogni accensione; quella delle ore ruota solo una volta ogni 12 accensioni.

Mutazione 0:
Si muove in un percorso tortuoso inseguendo il giocatore. Quando arriva a una certa distanza dal giocatore, si teletrasporta sul lato opposto dell'arena.

Mutazione 1 (75% PV / 20 s):
Il movimento cambia: si teletrasporta in senso orario tra le posizioni indicate dalle punte della lancetta dei minuti. Ogni teletrasporto è seguito da 6 proiettili mirati al giocatore.

Mutazione 2 (50% PV / 40 s):
Il movimento torna allo schema tortuoso della Mutazione 0, ma ogni teletrasporto ora rilascia 8 proiettili in tutte le direzioni. Ora cura continuamente i nemici vicini.

Mutazione 3 (25% PV / 60 s):
Resta al centro della mappa. Ingranaggi che si muovono verso l'alto con uno schema tortuoso ora appaiono dal basso dello schermo. Il suo effetto curativo ora ignora la distanza ma influisce solo sul Grande Signore Demone."
KEYART_FANTASY,Fantasy,Fantaisie,幻界,ファンタジー,판타지,幻界,Фэнтези,Fantazja,Fantasía,Fantasia,Fantasie,Fantazi,Fantasia
WEAPON_FANTASY_VILLAGE_SPECIAL_SWORD,Village Special Sword,Épée spéciale du village,村好剑,村の名剣,마을 특산 검,村好劍,Деревенский особый меч,Wiosenny specjalny miecz,Espada especial de la aldea,Espada especial da vila,Dorf-Spezialschwert,Köyün Özel Kılıcı,Spada speciale del villaggio
EFFECT_FANTASY_CHANGE_WEAPON_EVERY_KILLED_ENEMIES,This weapon transforms into {0} after killing {1} enemies within a wave,Cette arme se transforme en {0} après avoir tué {1} ennemis durant une vague,该武器在敌袭内击杀{0}个敌人后变为{1},この武器はウェーブ内で{1}体の敵を倒すと{0}に変化する,이 무기는 웨이브 내에서 적 {1}마리를 처치하면 {0}으(로) 변형됩니다,該武器在敵襲內擊殺{0}個敵人後變為{1},Это оружие превращается в {0} после убийства {1} врагов в течение волны,Ta broń przemienia się w {0} po zabiciu {1} wrogów podczas fali,Esta arma se transforma en {0} tras matar a {1} enemigos en una oleada,Esta arma se transforma em {0} após matar {1} inimigos numa onda,"Diese Waffe verwandelt sich in {0}, nachdem innerhalb einer Welle {1} Gegner getötet wurden","Bu silah, bir dalga içinde {1} düşman öldürdükten sonra {0} dönüşür",Quest'arma si trasforma in {0} dopo aver ucciso {1} nemici entro un'ondata
CHARACTER_FANTASY_BRAVE,Brave,Courageux,勇者,ブレイブ,용사,勇者,Храбрец,Odważny,Valiente,Corajoso,Mutiger,Cesur,Coraggioso
EFFECT_FANTASY_CANTCOMBINE,Cannot be upgraded via combining,Ne peut pas être amélioré par fusion,无法通过合成升级,合成によるアップグレード不可,합성을 통해 업그레이드할 수 없습니다,無法透過合成升級,Нельзя улучшить объединением,Nie można ulepszyć przez łączenie,No se puede mejorar mediante combinación,Não pode ser melhorado por combinação,Kann nicht durch Kombinieren aufgewertet werden,Birleştirme yoluyla yükseltilemez,Non può essere potenziato tramite unione
FANTASY_BELIEVER_NAME,Believer,Croyant,信仰者,ビリーバー,신자,信仰者,Верующий,Wierzący,Creyente,Fiel,Gläubiger,İnanan,Credente
FANTASY_BELIEVER_BEHAVIOUR_DESCRIPTION,"Wanders around, drops a fair number of materials and gives 1 holy on death.","Erre sans but, laisse tomber un bon nombre de matériaux et donne 1 Sainteté à la mort.","四处游荡,死亡时掉落大量材料并给予1点神圣","徘徊し,死亡時にかなりの量の素材を落とし1ホーリーを与える.","돌아다니며, 사망 시 상당량의 재료를 드롭하고 1 신성을 부여합니다.","四處遊蕩,死亡時掉落大量材料並給予1點神聖","Бродит вокруг, роняет изрядное количество материалов и даёт 1 Святости при смерти.","Wędruje bez celu, po śmierci upuszcza sporą ilość materiałów i daje 1 punkt Świętości.","Deambula por ahí, suelta una buena cantidad de materiales y otorga 1 de Sagrado al morir.","Vaga por aí, solta um bom número de materiais e concede 1 de Sagrado ao morrer.","Wandert umher, lässt beim Tod eine gute Menge an Materialien fallen und gibt 1 Heilig.","Etrafta gezinir, ölünce epey malzeme düşürür ve 1 Kutsallık verir.","Vaga in giro, lascia cadere una discreta quantità di materiali e conferisce 1 Sacro alla morte."
CHARACTER_FANTASY_SAGE,Sage,Sage,贤者,賢者,현자,賢者,Мудрец,Mędrzec,Sabio,Sábio,Weiser,Bilge,Saggio
CHARACTER_FANTASY_THIEF,Thief,Voleur,盗贼,盗賊,도적,盜賊,Вор,Złodziej,Ladrón,Ladrão,Dieb,Hırsız,Ladro
EFFECT_FANTASY_MATERIAL_LOSS_ON_HIT,Lose {0} materials when hit,Perd {0} matériaux en cas de coup,每次受伤失去{0}材料,被弾時に素材を{0}失う,피격 시 재료 {0}개를 잃습니다,每次受傷失去{0}材料,Теряете {0} материалов при ударе,Traci {0} materiałów przy trafieniu,Pierde {0} materiales al recibir un golpe,Perde {0} materiais ao receber dano,Verliere {0} Materialien bei Treffer,Vurulduğunda {0} malzeme kaybet,Perdi {0} materiali quando colpito
CHARACTER_FANTASY_NINJA,Ninja,Ninja,忍者,忍者,닌자,忍者,Ниндзя,Ninja,Ninja,Ninja,Ninja,Ninja,Ninja
EFFECT_FANTASY_CRIT_OVERFLOW_STAT,For every {2} excess %critical chance {0} {1}[{3}],Pour chaque {2}% de chances de critique en excès {0} {1}[{3}],每溢出{2}%暴击率{0}{1}[{3}],{2}%を超えるクリティカル率ごとに{0}{1}[{3}],{2}% 초과 치명타 확률마다 {0} {1}[{3}],每溢出{2}%暴擊率{0}{1}[{3}],За каждые {2}% избытка шанса крита {0} {1}[{3}],Za każde {2}% nadmiaru szansy na krytyczne {0} {1}[{3}],Por cada {2}% de exceso de prob. de crítico {0} {1}[{3}],Para cada {2}% de excesso de chance de crítico {0} {1}[{3}],Für jeden {2}% überschüssige Krit-Chance {0} {1}[{3}],Her {2}% fazla kritik şansı için {0} {1}[{3}],Per ogni {2}% di prob. critico in eccesso {0} {1}[{3}]
CHARACTER_FANTASY_PRINCESS,Princess,Princesse,公主,プリンセス,공주,公主,Принцесса,Księżniczka,Princesa,Princesa,Prinzessin,Prenses,Principessa
EFFECT_FANTASY_LIMITED_ITEM_BONUSES,For every {2} limited item(s) owned {0}{1}[{3}],Pour chaque {2} objet(s) limité(s) possédé(s) {0}{1}[{3}],每有{2}个限制道具{0}{1}[{3}],所持する限定アイテム{2}個ごとに{0}{1}[{3}],제한 아이템 {2}개 보유마다 {0}{1}[{3}],每有{2}個限制道具{0}{1}[{3}],За каждые {2} имеющихся ограниченных предмета(ов) {0}{1}[{3}],Za każde {2} posiadany(e) przedmiot(y) limitowany(e) {0}{1}[{3}],Por cada {2} objeto(s) limitado(s) que poseas {0}{1}[{3}],Para cada {2} item(ns) limitado(s) possuído(s) {0}{1}[{3}],Für jeden {2} besessenen limitierten Gegenstand {0}{1}[{3}],Sahip olunan her {2} sınırlı eşya için {0}{1}[{3}],Per ogni {2} oggetto/i limitato/i posseduto/i {0}{1}[{3}]
CHARACTER_FANTASY_APOSTLE,Apostle,Apôtre,使徒,使徒,사도,使徒,Апостол,Apostoł,Apóstol,Apóstolo,Apostel,Havari,Apostolo
EFFECT_FANTASY_DMG_WHEN_PICKUP_CONSUMABLE,Picking up {0} deals {2} damage to up to {1} random enemies,Ramasser {0} inflige {2} dégâts à jusqu'à {1} ennemis aléatoires,"捡起{0}时,对随机最多{1}个敌人造成{2}伤害","{0}を拾得すると,ランダムな最大{1}体の敵に{2}ダメージを与える",{0}을(를) 획득하면 최대 {1}명의 무작위 적에게 {2} 피해를 줍니다,"撿起{0}時,對隨機最多{1}個敵人造成{2}傷害","Подбирая {0}, наносит {2} урона до {1} случайным врагам",Podniesienie {0} zadaje {2} obrażeń maks. {1} losowym wrogom,Recoger {0} inflige {2} de daño a hasta {1} enemigos aleatorios,Pegar {0} causa {2} de dano a até {1} inimigos aleatórios,Das Aufheben von {0} fügt bis zu {1} zufälligen Gegnern {2} Schaden zu,"{0} toplamak, rastgele en fazla {1} düşmana {2} hasar verir",Raccogliere {0} infligge {2} danni a un massimo di {1} nemici casuali
CHARACTER_FANTASY_PRIEST,Priest,Prêtre,牧师,プリースト,사제,牧師,Жрец,Kapłan,Sacerdote,Sacerdote,Priester,Rahip,Prete
EFFECT_FANTASY_PERIODIC_RADIUS_DAMAGE,"Every {0} seconds, deals {2} damage to enemies within a range of {1}. Damage frequency is affected by %attack speed","Toutes les {0} secondes, inflige {2} dégâts aux ennemis dans un rayon de {1}. La fréquence des dégâts est affectée par la %vitesse d'attaque","每{0}秒对范围{1}内的敌人造成{2}伤害,攻速受%攻击速度影响","{0}秒ごとに,範囲{1}内の敵に{2}ダメージを与える.ダメージ頻度は%攻撃速度の影響を受ける",{0}초마다 범위 {1} 내의 적에게 {2} 피해를 줍니다. 피해 빈도는 % 공격 속도의 영향을 받습니다,"每{0}秒對範圍{1}內的敵人造成{2}傷害,攻速受%攻擊速度影響",Каждые {0} секунд наносит {2} урона врагам в радиусе {1}. Частота урона зависит от %скорости атаки,Co {0} sekund zadaje {2} obrażeń wrogom w zasięgu {1}. Częstotliwość obrażeń zależy od %szybkości ataku,"Cada {0} segundos, inflige {2} de daño a los enemigos en un rango de {1}. La frecuencia del daño se ve afectada por la %velocidad de ataque","A cada {0} segundos, causa {2} de dano a inimigos em um raio de {1}. A frequência do dano é afetada pela %velocidade de ataque",Alle {0} Sekunden verursacht es {2} Schaden an Gegnern in Reichweite von {1}. Die Schadensfrequenz wird durch %Angriffstempo beeinflusst,"Her {0} saniyede, {1} menzilindeki düşmanlara {2} hasar verir. Hasar sıklığı %saldırı hızından etkilenir","Ogni {0} secondi, infligge {2} danni ai nemici entro un raggio di {1}. La frequenza dei danni è influenzata dalla %velocità d'attacco"
CHARACTER_FANTASY_PALADIN,Paladin,Paladin,圣骑士,パラディン,성기사,聖騎士,Паладин,Paladyn,Paladín,Paladino,Paladin,Paladin,Paladino
STAT_FANTASY_PET_ATTACK_SPEED,% Pet Attack Speed,% Vitesse d'attaque des familiers,%宠物攻击速度,%ペット攻撃速度,% 펫 공격 속도,%寵物攻擊速度,% Скорость атаки питомцев,% Szybkości ataku pupila,% Velocidad de ataque de mascota,% Vel. de Ataque do Pet,% Haustier-Angriffstempo,% Evcil Hayvan Saldırı Hızı,% Velocità d'attacco famiglio
CHARACTER_FANTASY_ELF,Elf,Elfe,精灵,エルフ,엘프,精靈,Эльф,Elf,Elfo,Elfo,Elf,Elf,Elfo
EFFECT_FANTASY_TREE_RADIUS_TEMPSTATS,When within tree range {2} {1}{0},Dans le rayon de l'arbre {2} {1}{0},在树范围{2}内时有{1}{0},木の範囲内{2}にいるとき{1}{0},나무 범위 {2} 내에 있을 때 {1}{0},在樹範圍{2}內時有{1}{0},Находясь в радиусе дерева {2} {1}{0},Gdy w zasięgu drzewa {2} {1}{0},Estando cerca del árbol {2} {1}{0},Quando no alcance da árvore {2} {1}{0},Im Baum-Radius {2} {1}{0},Ağaç menzili içindeyken {2} {1}{0},Quando nel raggio dell'albero {2} {1}{0}
EFFECT_FANTASY_CANNOT_DAMAGE_TREE,"Cannot damage trees, nor can trees damage you","Ne peut pas endommager les arbres, ni être endommagé par eux","无法伤害树,树也不会伤害你","木にダメージを与えられず,木からもダメージを受けない","나무를 피해할 수 없고, 나무도 당신을 피해할 수 없습니다","無法傷害樹,樹也不會傷害你","Не может наносить урон деревьям, и деревья не могут наносить урон вам","Nie można uszkodzić drzew, ani drzewa nie mogą uszkodzić ciebie","No puedes dañar a los árboles, ni los árboles pueden dañarte","Não pode danificar árvores, nem árvores podem danificá-lo",Kann Bäumen keinen Schaden zufügen und Bäume können dir keinen Schaden zufügen,Ağaçlara hasar veremezsiniz ve ağaçlar da size hasar veremez,"Non puoi danneggiare gli alberi, né loro possono danneggiare te"
CHARACTER_FANTASY_SLAVE,Slave,Esclave,奴隶,奴隷,노예,奴隸,Раб,Niewolnik,Esclavo,Escravo,Sklave,Köle,Schiavo
CHARACTER_FANTASY_GOBLIN_SLAYER,Goblin Slayer,Tueur de gobelins,哥布林杀手,ゴブリンスレイヤー,고블린 슬레이어,哥布林殺手,Убийца гоблинов,Pogromca goblinów,Asesino de goblins,Matador de Goblins,Goblin-Jäger,Goblin Avcısı,Sterminatore di Goblin
EFFECT_FANTASY_BONUS_DROP_FROM_TARGET,{3} extra drop {0} materials,{3} drop supplémentaire de {0} matériaux,{3}额外掉落{0}个材料,{3} 追加ドロップ {0} 素材,{3} 추가 드롭 {0} 재료,{3}額外掉落{0}個材料,{3} дополнительно роняет {0} материалов,{3} dodatkowy łup {0} materiałów,{3} suelta extra {0} materiales,{3} drop extra de {0} materiais,{3} zusätzlicher Drop {0} Materialien,{3} ekstra {0} malzeme düşürür,{3} drop extra di {0} materiali
EFFECT_FANTASY_EXTRA_ENEMIES_EACH_WAVE_BY_STAT,Additional {0} {1} spawned per wave,{0} {1} supplémentaire apparaît par vague,每波额外生成{0}个{1},ウェーブごとに追加で{0} {1}が出現,웨이브마다 추가로 {0} {1}이(가) 생성됩니다,每波額外生成{0}個{1},Дополнительно {0} {1} появляется за волну,Dodatkowo {0} {1} pojawia się na falę,{0} {1} adicional aparece por oleada,{0} {1} adicional(is) gerado(s) por onda,Zusätzlich {0} {1} erscheinen pro Welle,Dalga başına ek {0} {1} doğar,{0} {1} aggiuntivo generato per ondata
EFFECT_FANTASY_ON_TARGET_ENEMY_KILLED_BUFF_FUTURE_TARGET_ENEMY,"For every {2} kills of {0}, all future {1} {4}{3}
{5}","Pour chaque {2} {0} tués, tous les futurs {1} {4}{3}
{5}","每击杀{2}个{0},未来所有{1}{4}{3}
{5}","{0}を{2}体倒すごとに,以降のすべての{1}は{4}{3}
{5}","{0}을(를) {2}마리 처치할 때마다, 이후의 모든 {1}이(가) {4}{3}
{5}","每擊殺{2}個{0},未來所有{1}{4}{3}
{5}","За каждые {2} убийств {0} все будущие {1} {4}{3}
{5}","Za każde {2} zabójstw {0}, wszystkie przyszłe {1} {4}{3}
{5}","Por cada {2} muertes de {0}, todos los futuros {1} {4}{3}
{5}","Para cada {2} mortes de {0}, todos os futuros {1} {4}{3}
{5}","Für je {2} Tötungen von {0} werden alle zukünftigen {1} {4}{3}
{5}","Her {2} {0} öldürmede, gelecekteki tüm {1} {4}{3}
{5}","Per ogni {2} uccisioni di {0}, tutti i futuri {1} {4}{3}
{5}"
CHARACTER_FANTASY_MAGIC_SWORDSMAN,Magic Swordsman,Épéiste magique,魔剑士,マジックソードマン,마법 검사,魔劍士,Волшебный мечник,Magiczny szermierz,Espadachín mágico,Espadachim mágico,Magischer Schwertkämpfer,Sihirli Kılıç Ustası,Spadaccino magico
EFFECT_FANTASY_SCRAP_SPECIFIC_TIER_WEAPONS_FOR_ITEMS,"Upon entering the shop, destroy all Tier {0} weapons. Gain {1} {3} for every {2} destroyed","En entrant dans la boutique, détruisez toutes les armes de niveau {0}. Gagnez {1} {3} pour chaque {2} détruites","进入商店时,销毁所有{0}级武器,每销毁{2}把获得{1}个{3}","ショップに入ると,ティア{0}の武器をすべて破壊する.{2}本破壊するごとに{1} {3}を得る","상점에 들어갈 시, 모든 {0} 등급 무기를 파괴합니다. {2}개 파괴할 때마다 {1} {3}을(를) 얻습니다","進入商店時,銷毀所有{0}級武器,每銷毀{2}把獲得{1}個{3}",При входе в магазин уничтожает всё оружие {0} уровня. Получает {1} {3} за каждые {2} уничтоженных,Po wejściu do sklepu niszczy całą broń poziomu {0}. Zyskuje {1} {3} za każde {2} zniszczone,"Al entrar en la tienda, destruye todas las armas de nivel {0}. Gana {1} {3} por cada {2} destruidas","Ao entrar na loja, destrói todas as armas de Grau {0}. Ganha {1} {3} para cada {2} destruídas",Beim Betreten des Ladens werden alle Waffen der Stufe {0} zerstört. Erhalte {1} {3} für jede {2} zerstörte,"Dükkana girince, tüm Kademe {0} silahlar yok edilir. Her {2} yok edilen için {1} {3} kazan","Entrando nel negozio, distruggi tutte le armi di Livello {0}. Guadagni {1} {3} per ogni {2} distrutte"
CHARACTER_FANTASY_CULTIST,Cultist,Cultiste,邪教徒,カルティスト,광신도,邪教徒,Культист,Kultysta,Cultista,Cultista,Kultist,Kültist,Cultista
EFFECT_FANTASY_CURSED_KILL_HEALING,"{0} HP on cursed enemy killed
{1}","{0} PV en tuant un ennemi maudit
{1}","击杀被诅咒的敌人时{0} HP
{1}","呪われた敵を倒すと{0} HP
{1}","저주받은 적 처치 시 {0} HP
{1}","擊殺被詛咒的敵人時{0} HP
{1}","{0} ОЗ при убийстве проклятого врага
{1}","{0} PŻ za zabicie przeklętego wroga
{1}","{0} de Vida al matar a un enemigo maldito
{1}","{0} de PV ao matar um inimigo amaldiçoado
{1}","{0} LP beim Töten eines verfluchten Gegners
{1}","Lanetli düşman öldürmede {0} Can
{1}","{0} PV uccidendo un nemico maledetto
{1}"
EFFECT_FANTASY_LOSE_HP_PER_SECOND_MIN_HP,"When taking damage per second, keep at least {0} HP","En subissant des dégâts par seconde, conservez au moins {0} PV","每秒受到伤害时, 至少保留{0} HP","毎秒ダメージを受ける際,最小HPは{0}を下回らない","초당 피해를 받을 때, 최소 {0} HP는 유지합니다","每秒受到傷害時,至少保留{0} HP","При получении урона в секунду, сохраняется минимум {0} ОЗ","Otrzymując obrażenia na sekundę, zachowaj przynajmniej {0} PŻ","Al recibir daño por segundo, mantén al menos {0} de Vida","Ao sofrer dano por segundo, mantenha pelo menos {0} de PV",Beim Erleiden von Schaden pro Sekunde mindestens {0} LP behalten,Saniyede hasar alırken en az {0} Can tut,"Quando subisci danni al secondo, mantieni almeno {0} PV"
EFFECT_FANTASY_LOSE_HP_PER_SECOND_STOP_THRESHOLD,Immune to taking damage per second when current HP is below {0} of max HP,Immunité aux dégâts par seconde lorsque les PV actuels sont inférieurs à {0} des PV max,当前生命值低于{0}最大生命值时，免疫每秒受到伤害的效果,現在のHPが最大HPの{0}を下回ると、毎秒受けるダメージを無効化,"현재 체력이 최대 체력의 {0} 미만일 때, 초당 피해 효과를 면역",當前生命值低於{0}最大生命值時，免疫每秒受到傷害的效果,"Иммунитет к получению урона в секунду, если текущее здоровье ниже {0} от максимального","Odporność na obrażenia co sekundę, gdy obecne HP jest poniżej {0} maksymalnego HP",Inmune al daño por segundo cuando la vida actual está por debajo de {0} de la vida máxima,Imune a dano por segundo quando a vida atual estiver abaixo de {0} da vida máxima,"Immun gegen Schaden pro Sekunde, wenn die aktuellen LP unter {0} der maximalen LP liegen",Mevcut can maksimum canın {0} altındayken saniye başına hasar alma etkisine bağışıklık,Immunità ai danni al secondo quando i PV attuali sono inferiori a {0} dei PV massimi
CHARACTER_FANTASY_CARDINAL,Cardinal,Cardinal,主教,カーディナル,추기경,主教,Кардинал,Kardynał,Cardenal,Cardeal,Kardinal,Kardinal,Cardinale
EFFECT_FANTASY_SACRIFICIAL_CIRCLE,"A ritual area with radius {0} exists at the center of the map. Every {1} enemies killed within the ritual area {2} {3}, and spawn {4} materials and {5} {6} at the ritual center","Une zone rituelle d'un rayon de {0} existe au centre de la carte. Tous les {1} ennemis tués dans la zone rituelle {2} {3}, et fait apparaître {4} matériaux et {5} {6} au centre du rituel","地图中心存在半径为{0}的仪式区域.每在仪式区域内击杀{1}名敌人 {2}{3},并在仪式中心生成{4}材料和{5}{6}","マップ中央に半径{0}の儀式エリアが存在する.儀式エリア内で敵を{1}体倒すごとに{2}{3},儀式の中心に{4}素材と{5}{6}が出現する","맵 중앙에 반경 {0}의 의식 구역이 있습니다. 의식 구역 내에서 적 {1}마리를 처치할 때마다 {2}{3}하고, 의식 중심에 {4} 재료와 {5} {6}이(가) 생성됩니다","地圖中心存在半徑為{0}的儀式區域.每在儀式區域內擊殺{1}名敵人 {2}{3},並在儀式中心生成{4}材料和{5}{6}","Ритуальная зона радиусом {0} существует в центре карты. За каждые {1} врагов, убитых в ритуальной зоне, {2} {3}, и появляется {4} материалов и {5} {6} в центре ритуала","W centrum mapy istnieje obszar rytualny o promieniu {0}. Co {1} wrogów zabitych w obszarze rytualnym {2} {3}, i pojawia się {4} materiałów i {5} {6} w centrum rytuału","Existe un área ritual de radio {0} en el centro del mapa. Cada {1} enemigos asesinados dentro del área ritual {2} {3}, y aparecen {4} materiales y {5} {6} en el centro ritual","Uma área ritual com raio {0} existe no centro do mapa. A cada {1} inimigos mortos dentro da área ritual {2} {3}, e gera {4} materiais e {5} {6} no centro do ritual","Ein Ritualbereich mit Radius {0} existiert in der Kartenmitte. Jede {1} im Ritualbereich getöteten Gegner {2} {3}, und es erscheinen {4} Materialien und {5} {6} im Ritualzentrum",Haritanın merkezinde yarıçapı {0} olan bir ritüel alanı vardır. Ritüel alanında öldürülen her {1} düşman {2} {3} ve ritüel merkezinde {4} malzeme ve {5} {6} belirir,"Un'area rituale di raggio {0} esiste al centro della mappa. Ogni {1} nemici uccisi nell'area rituale {2} {3}, e compaiono {4} materiali e {5} {6} al centro rituale"
EFFECT_FANTASY_SACRIFICIAL_CIRCLE_NO_STAT,"A ritual area with a radius of {0} exists at the center of the map. For every {1} enemies killed within the ritual area, {4} materials and {5}{6} are spawned at the ritual center.",Une zone rituelle d'un rayon de {0} se trouve au centre de la carte. Tous les {1} ennemis tués dans la zone rituelle font apparaître {4} matériaux et {5}{6} au centre du rituel.,"地图中心存在半径为{0}的仪式区域.每在仪式区域内击杀{1}名敌人,则在仪式中心生成{4}材料和{5}{6}","マップ中央に半径{0}の儀式エリアが存在する.儀式エリア内で敵を{1}体倒すごとに,儀式の中心に{4}の素材と{5}{6}を生成する",맵 중앙에 반경 {0}의 의식 구역이 존재합니다. 의식 구역 내에서 적을 {1}마리 처치할 때마다 의식 중앙에 {4}개의 재료와 {5}{6}이(가) 생성됩니다.,"地圖中心存在半徑為{0}的儀式區域.每在儀式區域內擊殺{1}名敵人,則在儀式中心生成{4}材料和{5}{6}",В центре карты существует ритуальная зона радиусом {0}. За каждые {1} убитых врагов в зоне ритуала в центре появляется {4} материалов и {5}{6},"Na środku mapy znajduje się obszar rytualny o promieniu {0}. Co {1} zabitych wrogów w obszarze rytualnym, w jego centrum pojawia się {4} materiałów i {5}{6}",En el centro del mapa hay un área ritual de radio {0}. Cada {1} enemigos asesinados en el área ritual genera {4} materiales y {5}{6} en el centro del ritual.,"No centro do mapa existe uma área ritual de raio {0}. A cada {1} inimigos mortos na área ritual, {4} materiais e {5}{6} são gerados no centro do ritual.",Im Zentrum der Karte existiert ein Ritualbereich mit einem Radius von {0}. Für je {1} im Ritualbereich getötete Gegner erscheinen {4} Materialien und {5}{6} im Ritualzentrum.,"Haritanın merkezinde yarıçapı {0} olan bir ritüel alanı bulunur. Ritüel alanında öldürülen her {1} düşman için, ritüel merkezinde {4} malzeme ve {5}{6} oluşur.",Al centro della mappa esiste un'area rituale di raggio {0}. Ogni {1} nemici uccisi nell'area rituale fa apparire {4} materiali e {5}{6} al centro del rituale.
EFFECT_FANTASY_ADD_STAT_WHEN_PICKUP_CONSUMABLE,"Every time you pick up {0} {1}, {2}{3}","Chaque fois que vous ramassez {0} {1}, {2}{3}","每捡起{0}个{1},则{2}{3}",{0}個の{1}を拾うたびに{2}{3},{0}개의 {1}을(를) 획득할 때마다 {2}{3},"每撿起{0}個{1},則{2}{3}","Каждый раз, когда вы подбираете {0} {1}, {2}{3}","Za każdym razem, gdy zbierzesz {0} {1}, {2}{3}","Cada vez que recoges {0} {1}, {2}{3}","Cada vez que você pega {0} {1}, {2}{3}","Jedes Mal, wenn du {0} {1} aufsammelst, {2}{3}",Her {0} {1} aldığınızda {2}{3},"Ogni volta che raccogli {0} {1}, {2}{3}"
CHARACTER_FANTASY_BARD,Bard,Barde,吟游诗人,吟遊詩人,음유시인,吟遊詩人,Бард,Bard,Bardo,Bardo,Barde,Ozan,Bardo
EFFECT_FANTASY_DANCE,"After {0} hits on an enemy, it dances for {1} seconds ({2} seconds for elites and bosses). While dancing, it moves away from you, cannot target you, and sways from side to side.","Après {0} coups sur un ennemi, il danse pendant {1} secondes ({2} secondes pour les élites et les boss). En dansant, il s'éloigne de vous, ne peut pas vous cibler et oscille de gauche à droite.","第{0}次命中敌人后让敌人跳舞{1}秒(精英和头目为{2}秒),期间敌人会远离你,无法索敌你,并且会左右摇晃","敵に{0}回命中した後,その敵は{1}秒間踊る(エリートとボスは{2}秒).踊っている間,敵はあなたから離れ,あなたを標的にできず,左右に揺れる.","적에게 {0}회 공격을 적중시키면, 적이 {1}초 동안 춤을 춥니다(엘리트와 보스는 {2}초). 춤추는 동안 적은 당신에게서 멀어지고, 당신을 대상으로 삼을 수 없으며, 좌우로 흔들립니다.","第{0}次命中敵人後讓敵人跳舞{1}秒(菁英和頭目為{2}秒),期間敵人會遠離你,無法索敵你,並且會左右搖晃","После {0} попаданий по врагу он танцует {1} секунд ({2} секунд для элит и боссов). Во время танца он отходит от вас, не может вас выбрать целью и покачивается из стороны в сторону.","Po {0} trafieniach we wroga, tańczy on przez {1} sekund ({2} sekund dla elit i bossów). Podczas tańca odsuwa się od ciebie, nie może cię obrać za cel i kołysze się na boki.","Después de {0} impactos a un enemigo, este baila durante {1} segundos ({2} segundos para élites y jefes). Mientras baila, se aleja de ti, no puede apuntarte y se balancea de un lado a otro.","Após {0} acertos em um inimigo, ele dança por {1} segundos ({2} segundos para elites e chefes). Enquanto dança, ele se afasta de você, não pode mirar em você e balança de um lado para o outro.","Nach {0} Treffern auf einen Gegner tanzt dieser für {1} Sekunden ({2} Sekunden für Eliten und Bosse). Während des Tanzens entfernt er sich von dir, kann dich nicht ins Visier nehmen und schwankt hin und her.","Bir düşmana {0} isabet, {1} saniyeliğine dans etmesini sağlar (elitler ve bosslar için {2} saniye). Dans ederken sizden uzaklaşır, sizi hedef alamaz ve iki yana sallanır.","Dopo {0} colpi su un nemico, questo balla per {1} secondi ({2} secondi per élite e boss). Mentre balla, si allontana da te, non può prenderti di mira e ondeggia a destra e sinistra."
EFFECT_FANTASY_BASE_CHANCE_DROP_SOUL,{0} % base soul drop rate,{0} % de chances de base de butin d'âme,{0} %魂的基础掉率,{0}% 基本魂ドロップ率,{0}% 기본 영혼 드롭률,{0}%魂的基礎掉率,{0} % базовая вероятность выпадения души,{0}% podstawowej szansy na duszę,{0}% de tasa base de almas,{0}% de chance base de drop de alma,{0} % Grundseelen-Fundchance,{0}% temel ruh düşürme oranı,{0}% tasso base di drop anime
CHARACTER_FANTASY_NUN,Nun,Nun,修女,修道女,수녀,修女,Nun,Nun,Nun,Nun,Nun,Nun,Nun
CHARACTER_FANTASY_CLOCK_TOWER_GUARDIAN,Clock Tower Guardian,Clock Tower Guardian,时计塔的守护者,Clock Tower Guardian,Clock Tower Guardian,時計塔的守護者,Clock Tower Guardian,Clock Tower Guardian,Clock Tower Guardian,Clock Tower Guardian,Clock Tower Guardian,Clock Tower Guardian,Clock Tower Guardian
EFFECT_FANTASY_STATIONARY_TEMP_STATS_PER_INTERVAL,"While standing still, gain {0} {1} every {2} second(s) until the end of the wave","While standing still, gain {0} {1} every {2} second(s) until the end of the wave","站立不动时每{2}秒+{0}{1},直到敌袭结束","While standing still, gain {0} {1} every {2} second(s) until the end of the wave","While standing still, gain {0} {1} every {2} second(s) until the end of the wave","站立不動時每{2}秒+{0}{1},直到敵襲結束","While standing still, gain {0} {1} every {2} second(s) until the end of the wave","While standing still, gain {0} {1} every {2} second(s) until the end of the wave","While standing still, gain {0} {1} every {2} second(s) until the end of the wave","While standing still, gain {0} {1} every {2} second(s) until the end of the wave","While standing still, gain {0} {1} every {2} second(s) until the end of the wave","While standing still, gain {0} {1} every {2} second(s) until the end of the wave","While standing still, gain {0} {1} every {2} second(s) until the end of the wave"
EFFECT_FANTASY_STATIONARY_PERCENT_STAT_PER_INTERVAL,"While standing still, gain {0}% of current {1} every {2} second(s) until the end of the wave","While standing still, gain {0}% of current {1} every {2} second(s) until the end of the wave","站立不动时每{2}秒+{0}%{1},直到敌袭结束","While standing still, gain {0}% of current {1} every {2} second(s) until the end of the wave","While standing still, gain {0}% of current {1} every {2} second(s) until the end of the wave","站立不動時每{2}秒+{0}%{1},直到敵襲結束","While standing still, gain {0}% of current {1} every {2} second(s) until the end of the wave","While standing still, gain {0}% of current {1} every {2} second(s) until the end of the wave","While standing still, gain {0}% of current {1} every {2} second(s) until the end of the wave","While standing still, gain {0}% of current {1} every {2} second(s) until the end of the wave","While standing still, gain {0}% of current {1} every {2} second(s) until the end of the wave","While standing still, gain {0}% of current {1} every {2} second(s) until the end of the wave","While standing still, gain {0}% of current {1} every {2} second(s) until the end of the wave"
EFFECT_FANTASY_CANNOT_ATTACK_WHILE_STATIONARY,Cannot attack while standing still,Cannot attack while standing still,站立时无法攻击,Cannot attack while standing still,Cannot attack while standing still,站立時無法攻擊,Cannot attack while standing still,Cannot attack while standing still,Cannot attack while standing still,Cannot attack while standing still,Cannot attack while standing still,Cannot attack while standing still,Cannot attack while standing still
WEAPON_FANTASY_FAKE_BRAVE_SWORD,Fake Brave Sword,Fausse épée du brave,伪·勇者之剑,偽・勇者の剣,가짜 용사의 검,偽·勇者之劍,Поддельный меч храбреца,Falszywy miecz odważnych,Espada falsa del valiente,Falsa espada do corajoso,Falsches Mutigen-Schwert,Sahte Cesur Kılıç,Falsa spada del coraggioso
EFFECT_FANTASY_SHOP_ENTER_SYNTHESIS,"Upon entering the shop, there is a {0}% chance to synthesize {1} into {2}
{3}","En entrant dans la boutique, il y a {0} de chance de synthétiser {1} en {2}
{3}","进入商店时,有{0}%概率将{1}融合成{2}
{3}","ショップに入ると,{0}%の確率で{1}を{2}に合成する
{3}","상점에 들어갈 시, {0} 확률로 {1}을(를) {2}(으)로 합성합니다
{3}","進入商店時,有{0}%機率將{1}融合成{2}
{3}","При входе в магазин есть шанс {0} синтезировать {1} в {2}
{3}","Po wejściu do sklepu jest {0} szansy na zsyntetyzowanie {1} w {2}
{3}","Al entrar en la tienda, hay una probabilidad de {0} de sintetizar {1} en {2}
{3}","Ao entrar na loja, há {0} de chance de sintetizar {1} em {2}
{3}","Beim Betreten des Ladens besteht eine {0}-Chance, {1} zu {2} zu synthetisieren
{3}","Dükkana girerken, {1} eşyasını {2} ile sentezleme şansı {0}
{3}","Entrando nel negozio, c'è una probabilità del {0} di sintetizzare {1} in {2}
{3}"
EFFECT_FANTASY_GEAR_SHOP_ENTER_SYNTHESIS,"Upon entering the shop, if you have {1}, there is a {0}% chance to synthesize them into {2}
{3}","En entrant dans la boutique, cet objet ou cette arme a {0} de chance de se synthétiser avec {1} en {2}
{3}","进入商店时,若拥有{1},有{0}%概率融合成{2}
{3}","ショップに入ると,このアイテムまたは武器は{0}%の確率で{1}と合成され{2}になる
{3}","상점에 들어갈 시, 이 아이템이나 무기에 {0} 확률로 {1}와(과) 합성되어 {2}이(가) 됩니다
{3}","進入商店時,若擁有{1},有{0}%機率融合成{2}
{3}","При входе в магазин этот предмет или оружие имеет шанс {0} синтезироваться с {1} в {2}
{3}","Po wejściu do sklepu ten przedmiot lub broń ma {0} szansy na syntezę z {1} w {2}
{3}","Al entrar en la tienda, este objeto o arma tiene una probabilidad del {0} de sintetizarse con {1} en {2}
{3}","Ao entrar na loja, este item ou arma tem {0} de chance de se sintetizar com {1} em {2}
{3}","Beim Betreten des Ladens hat dieser Gegenstand oder diese Waffe eine {0}-Chance, mit {1} zu {2} synthetisiert zu werden
{3}","Dükkana girerken, bu eşya veya silahın {1} ile sentezlenerek {2} olma şansı {0}
{3}","Entrando nel negozio, questo oggetto o arma ha il {0} di probabilità di essere sintetizzato con {1} in {2}
{3}"
WEAPON_FANTASY_BRAVE_SWORD,Brave Sword,Épée du brave,勇者之剑,勇者の剣,용사의 검,勇者之劍,Меч храбреца,Miecz odważnych,Espada del valiente,Espada do corajoso,Mutigen-Schwert,Cesur Kılıç,Spada del coraggioso
EFFECT_FANTASY_PROJECTILES_EVERY_X_MELEE_SHOOT,"Every {0} melee attacks, shoot projectiles dealing {1} damage","Toutes les {0} attaques de mêlée, tirez des projectiles infligeant {1} dégâts","每{0}次近战攻击,发射伤害为{1}的投射物","近接攻撃{0}回ごとに,{1}ダメージの投射物を発射する","근접 공격 {0}회마다, {1} 피해의 투사체 발사","每{0}次近戰攻擊,發射傷害為{1}的投射物","Каждые {0} атак ближнего боя, выпускает снаряды с уроном {1}",Co {0} ataków wręcz strzela pociskami zadającymi {1} obrażeń,"Cada {0} ataques cuerpo a cuerpo, dispara proyectiles que infligen {1} de daño","A cada {0} ataques corpo a corpo, dispara projéteis causando {1} de dano","Alle {0} Nahkampfangriffe werden Projektile abgefeuert, die {1} Schaden verursachen",Her {0} yakın dövüş saldırısında {1} hasar veren mermiler at,"Ogni {0} attacchi in mischia, spara proiettili che infliggono {1} danni"
WEAPON_FANTASY_MOONLIGHT_RAPIER,Moonlight Rapier,Rapière clair de lune,月光细剑,月光のレイピア,월광 레이피어,月光細劍,Лунная рапира,Księżycowy rapier,Estoque luz de luna,Rapieira luar,Mondschein-Rapier,Ay Işığı Rapierası,Stocco al chiaro di luna
EFFECT_FANTASY_SLOW_ENEMY_ON_CRIT,Slow surrounding enemies on crit,Ralentit les ennemis environnants sur un coup critique,暴击时使周围敌人减速,クリティカル時に周囲の敵を減速,치명타 시 주변 적 감속,暴擊時使周圍敵人減速,Замедляет окружающих врагов при крите,Spowalnia otaczających wrogów przy trafieniu krytycznym,Ralentiza a los enemigos circundantes con un crítico,Reduz a velocidade dos inimigos ao redor ao causar crítico,Verlangsamt umstehende Gegner bei krit. Treffer,Kritik vuruşta çevredeki düşmanları yavaşlat,Rallenta i nemici circostanti con colpo critico
WEAPON_FANTASY_HOLY_BATTLEAXE,Holy Battleaxe,Hache de bataille sacrée,圣战斧,聖戦斧,성스러운 전투도끼,聖戰斧,Священная секира,Święty topór bojowy,Hacha de batalla sagrada,Machado de batalha sagrado,Heilige Streitaxt,Kutsal Savaş Baltası,Ascia da battaglia sacra
WEAPON_FANTASY_WIND_BOW,Wind Bow,Arc du vent,风之弓,風の弓,바람의 활,風之弓,Лук Ветра,Łuk Wiatru,Arco del Viento,Arco do Vento,Windbogen,Rüzgar Yayı,Arco del Vento
WEAPON_FANTASY_SLEEVE_ARROW,Sleeve Arrow,Flèche de manche,袖箭,袖矢,팔뚝 수갑화살,袖箭,Рукавная стрела,Strzała z rękawa,Flecha de manga,Flecha de Punho,Ärmelpfeil,Kol Oku,Freccia da Polso
EFFECT_RELOAD_WHEN_CRITICALLY_HIT,"On critical hit, there is a {0} chance to reset cooldown.","En cas de coup critique, il y a {0} de chances de réinitialiser le temps de recharge.",暴击时有{0}概率重置冷却,"クリティカルヒット時,{0}の確率でクールダウンをリセットする.",치명타 시 {0} 확률로 재사용 대기시간이 초기화됩니다.,暴擊時有{0}機率重置冷卻,При критическом попадании с шансом {0} сбрасывает перезарядку.,"Przy trafieniu krytycznym, {0} szans na zresetowanie czasu odnowienia.","Al asestar un golpe crítico, hay un {0} de probabilidad de reiniciar el enfriamiento.","Ao causar um acerto crítico, há {0} de chance de reiniciar o tempo de recarga.","Bei einem kritischen Treffer besteht eine {0} Chance, die Abklingzeit zurückzusetzen.","Kritik vuruşta, {0} ihtimalle bekleme süresi sıfırlanır.","Con un colpo critico, {0} di probabilità di azzerare il tempo di ricarica."
WEAPON_CLASS_FANTASY_FAKE_LEGENDARY,Fake Legendary,Faux légendaire,伪传奇,偽レジェンダリー,가짜 전설,偽傳奇,Поддельный легендарный,Fałszywy legendarny,Falso legendario,Falso Lendário,Gefälscht Legendär,Sahte Efsanevi,Falso Leggendario
ITEM_FANTASY_SALTED_DUCK_EGG,Salted Duck Egg,Œuf de cane salé,咸鸭蛋,アヒルの塩漬け卵,오리알 염장,鹹鴨蛋,Солёное утиное яйцо,Solone jajko kaczki,Huevo de pato salgado,Ovo de pato salgado,Gesalzenes Entenei,Tuzlu ördek yumurtası,Uovo di anatra salato
FANTASY_PITY_BONUS_CHANCE,Next chance bonus: +{0}%,Bonus de chance suivant: +{0}%,下次概率加成: +{0}%,次回確率ボーナス: +{0}%,다음 확률 보너스: +{0}%,下次機率加成: +{0}%,Бонус к следующему шансу: +{0}%,Premia do następnej szansy: +{0}%,Bonificación de probabilidad siguiente: +{0}%,Bônus da próxima chance: +{0}%,Nächster Chancenbonus: +{0}%,Sonraki şans bonusu: +{0}%,Bonus probabilità successiva: +{0}%
WEAPON_FANTASY_KUNAI,Kunai,Kunaï,苦无,クナイ,쿠나이,苦無,Кунай,Kunai,Kunai,Kunai,Kunai,Kunai,Kunai
FANTASY_CHAIN_DAMAGE_MULT,Chain Mod: ,Mod. Chaîne: ,链变: ,連鎖倍率: ,연쇄 배율: ,鏈變: ,Мод. цепи: ,Modyf. łańcucha: ,Mod. de cadena: ,Mod. de corrente: ,Kettenmod.: ,Zincir Mod.: ,Mod. catena: 
FANTASY_CHAIN_DAMAGE_MULT_FORMATTED,{0}{1},{0}{1},{0}{1},{0}{1},{0}{1},{0}{1},{0}{1},{0}{1},{0}{1},{0}{1},{0}{1},{0}{1},{0}{1}
FANTASY_CHAIN_TARGETS,Chain Targets: ,Cibles en chaîne: ,连锁: ,連鎖: ,연쇄 대상: ,連鎖: ,Цели цепи: ,Cele łańcucha: ,Objetivos de cadena: ,Alvos em cadeia: ,Kettenziele: ,Zincir Hedefleri: ,Obiettivi a catena: 
FANTASY_CHAIN_TARGETS_FORMATTED,{0}{1},{0}{1},{0}{1},{0}{1},{0}{1},{0}{1},{0}{1},{0}{1},{0}{1},{0}{1},{0}{1},{0}{1},{0}{1}
FANTASY_SCATTER_TARGETS,Scatter: ,Dispersion: ,散射: ,散射: ,산란: ,散射: ,Рассеивание: ,Rozproszenie: ,Dispersión: ,Dispersão: ,Streuung: ,Saçılma: ,Dispersione: 
FANTASY_PRISM_TOWER_MAIN,Spawn a Prism Tower. Prismatic beam: {0} damage.,Spawn a Prism Tower. Prismatic beam: {0} damage.,生成一座光棱塔。七彩光束: {0}伤害。,Spawn a Prism Tower. Prismatic beam: {0} damage.,Spawn a Prism Tower. Prismatic beam: {0} damage.,生成一座光棱塔。七彩光束: {0}傷害。,Spawn a Prism Tower. Prismatic beam: {0} damage.,Spawn a Prism Tower. Prismatic beam: {0} damage.,Spawn a Prism Tower. Prismatic beam: {0} damage.,Spawn a Prism Tower. Prismatic beam: {0} damage.,Spawn a Prism Tower. Prismatic beam: {0} damage.,Spawn a Prism Tower. Prismatic beam: {0} damage.,Spawn a Prism Tower. Prismatic beam: {0} damage.
FANTASY_PRISM_TOWER_RESONANCE,{0} or more Prism Towers trigger resonance.,{0} or more Prism Towers trigger resonance.,{0}座及以上会有共鸣效果,{0} or more Prism Towers trigger resonance.,{0} or more Prism Towers trigger resonance.,{0}座及以上會有共鳴效果,{0} or more Prism Towers trigger resonance.,{0} or more Prism Towers trigger resonance.,{0} or more Prism Towers trigger resonance.,{0} or more Prism Towers trigger resonance.,{0} or more Prism Towers trigger resonance.,{0} or more Prism Towers trigger resonance.,{0} or more Prism Towers trigger resonance.
EFFECT_FANTASY_PRISM_TOWER_SCATTER,{0},{0},{0},{0},{0},{0},{0},{0},{0},{0},{0},{0},{0}
EFFECT_FANTASY_LIGHTNING_CHAIN_ON_HIT,"After hitting an enemy, there is a {0} chance to deal {1} lightning chain damage
{2}
{3}
{4}","Après avoir touché un ennemi, {0} de chances d'infliger {1} dégâts de chaîne d'éclairs
{2}
{3}","击中敌人后{0}概率造成{1}的闪电链伤害
{2}
{3}
{4}","敵に命中した時, {0}の確率で{1}の連鎖雷ダメージを与える
{2}
{3}
{4}","적 명중 시 {0} 확률로 {1}의 연쇄 번개 피해
{2}
{3}
{4}","擊中敵人後{0}機率造成{1}的閃電鏈傷害
{2}
{3}
{4}","При попадании по врагу с вероятностью {0} наносит {1} урона цепной молнией
{2}
{3}
{4}","Po trafieniu wroga, {0} szans na zadanie {1} obrażeń łańcuchem błyskawic
{2}
{3}
{4}","Al golpear a un enemigo, {0} de probabilidad de infligir {1} de daño de cadena de rayos
{2}
{3}
{4}","Ao atingir um inimigo, {0} de chance de causar {1} de dano em cadeia de raios
{2}
{3}
{4}","Beim Treffen eines Gegners besteht eine {0} Chance, {1} Blitzkettenschaden zu verursachen
{2}
{3}
{4}","Düşmana vurduğunda {0} ihtimalle {1} zincirli yıldırım hasarı verir
{2}
{3}
{4}","Colpendo un nemico, {0} probabilità di infliggere {1} danni a catena di fulmini
{2}
{3}
{4}"
EFFECT_FANTASY_ADD_WEAPON_SET,Weapons without {0} gain {0},Les armes sans {0} gagnent {0},非{0}词条的武器获得{0}词条,{0}を持たない武器が{0}を得る,{0}가 없는 무기가 {0}를 얻습니다,非{0}詞條的武器獲得{0}詞條,Оружие без {0} получает {0},Bronie bez {0} otrzymują {0},Las armas sin {0} obtienen {0},Armas sem {0} ganham {0},Waffen ohne {0} erhalten {0},{0} olmayan silahlar {0} kazanır,Le armi senza {0} ottengono {0}
EFFECT_FANTASY_GAIN_ITEM_ON_REROLL,{0} chance to gain {1} when rerolling the shop,{0} de chance de gagner {1} en relançant la boutique,刷新商店时有{0}概率获得{1},ショップを再抽選すると{0}の確率で{1}を得る,상점을 새로고침할 때 {0} 확률로 {1}를 얻습니다,刷新商店時有{0}機率獲得{1},{0} шанс получить {1} при обновлении магазина,{0} szans na zdobycie {1} przy przerzuceniu sklepu,{0} de probabilidad de obtener {1} al actualizar la tienda,{0} de chance de ganhar {1} ao atualizar a loja,{0} Chance beim Neuwürfeln des Shops {1} zu erhalten,Mağazayı yenilerken {0} ihtimalle {1} kazanırsın,{0} di probabilità di ottenere {1} aggiornando il negozio
EFFECT_FANTASY_LIGHTNING_CHAIN_ON_HIT_NO_CHANCE,"After hitting an enemy, deal {1} lightning chain damage
{2}
{3}
{4}","Après avoir touché un ennemi, inflige {1} dégâts de chaîne d'éclairs
{2}
{3}
{4}","击中敌人后造成{1}的闪电链伤害
{2}
{3}
{4}","敵に命中した時, {1}の連鎖雷ダメージを与える
{2}
{3}
{4}","적 명중 시 {1}의 연쇄 번개 피해
{2}
{3}
{4}","擊中敵人後造成{1}的閃電鏈傷害
{2}
{3}
{4}","При попадании по врагу наносит {1} урона цепной молнией
{2}
{3}
{4}","Po trafieniu wroga, zadaje {1} obrażeń łańcuchem błyskawic
{2}
{3}
{4}","Al golpear a un enemigo, inflige {1} de daño de cadena de rayos
{2}
{3}
{4}","Ao atingir um inimigo, causa {1} de dano em cadeia de raios
{2}
{3}
{4}","Beim Treffen eines Gegners verursacht {1} Blitzkettenschaden
{2}
{3}
{4}","Düşmana vurduğunda {1} zincirli yıldırım hasarı verir
{2}
{3}
{4}","Colpendo un nemico, infligge {1} danni a catena di fulmini
{2}
{3}
{4}"
WEAPON_FANTASY_MYRIAD_THUNDER,Myriad Thunder,Myriade de tonnerre,雷鸣万丈,万雷轟鳴,무수한 천둥,雷鳴萬丈,Мириады грома,Niezliczone grzmoty,Miríada de truenos,Miríade de trovões,Unzählige Donner,Sayısız Yıldırım,Miriade di tuoni
EFFECT_FANTASY_LIGHTNING_CHAIN_CAN_CRIT,Lightning Chain can crit,La Chaîne d'éclairs peut infliger un coup critique,闪电链可以暴击,ライトニングチェーンはクリティカル可能,체인 라이트닝은 치명타가 가능합니다,閃電鏈可以暴擊,Цепная молния может критовать,Piorun łańcuchowy może zadać cios krytyczny,La cadena de rayos puede hacer crítico,A Cadeia de Raios pode causar crítico,Blitzkette kann kritisch treffen,Zincir Yıldırım kritik yapabilir,La catena di fulmini può fare critico
EFFECT_FANTASY_LIGHTNING_CHAIN_ON_DEATH,"When an enemy dies, {0} chance to deal {1} lightning chain damage
{2}
{3}
{4}","Lorsqu'un ennemi meurt, {0} de chances d'infliger {1} dégâts de chaîne d'éclairs
{2}
{3}
{4}","敌人死亡时，{0}概率造成{1}的闪电链伤害
{2}
{3}
{4}","敵が死亡した時、{0}の確率で{1}の雷撃連鎖ダメージを与える
{2}
{3}
{4}","적이 사망할 때, {0} 확률로 {1}의 번개 사슬 피해를 입힙니다
{2}
{3}
{4}","敵人死亡時，{0}機率造成{1}的閃電鏈傷害
{2}
{3}
{4}","Когда враг умирает, {0} шанс нанести {1} урона цепной молнией
{2}
{3}
{4}","Gdy wróg umrze, {0} szansy na zadanie {1} obrażeń łańcucha błyskawic
{2}
{3}
{4}","Cuando un enemigo muere, {0} probabilidad de infligir {1} de daño de cadena de relámpagos
{2}
{3}
{4}","Quando um inimigo morre, {0} de chance de causar {1} de dano de corrente elétrica
{2}
{3}
{4}","Wenn ein Feind stirbt, {0} Chance, {1} Blitzkettenschaden zu verursachen
{2}
{3}
{4}","Bir düşman öldüğünde, {0} ihtimalle {1} yıldırım zinciri hasarı verir
{2}
{3}
{4}","Quando un nemico muore, {0} probabilità di infliggere {1} danni da catena di fulmini
{2}
{3}
{4}"
EFFECT_FANTASY_LIGHTNING_CHAIN_ON_DEATH_NO_CHANCE,"When an enemy dies, deals {1} lightning chain damage
{2}
{3}
{4}","Lorsqu'un ennemi meurt, inflige {1} dégâts de chaîne d'éclairs
{2}
{3}
{4}","敌人死亡时，造成{1}的闪电链伤害
{2}
{3}
{4}","敵が死亡した時、{1}の雷撃連鎖ダメージを与える
{2}
{3}
{4}","적이 사망할 때, {1}의 번개 사슬 피해를 입힙니다
{2}
{3}
{4}","敵人死亡時，造成{1}的閃電鏈傷害
{2}
{3}
{4}","Когда враг умирает, наносит {1} урона цепной молнией
{2}
{3}
{4}","Gdy wróg umrze, zadaje {1} obrażeń łańcucha błyskawic
{2}
{3}
{4}","Cuando un enemigo muere, inflige {1} de daño de cadena de relámpagos
{2}
{3}
{4}","Quandoo um inimigo morre, causa {1} de dano de corrente elétrica{2}
{3}
{4}","Wenn ein Feind stirbt, verursacht {1} Blitzkettenschaden
{2}
{3}
{4}","Bir düşman öldüğünde, {1} yıldırım zinciri hasarı verir
{2}
{3}
{4}","Quando un nemico muore, infligge {1} danni da catena di fulmini
{2}
{3}
{4}"
JOB_FANTASY_TUNER,Tuner,Tuner,调音师,チューナー,튜너,調音師,Тюнер,Stroiciel,Tuner,Tuner,Tuner,Akortçu,Tuner
JOB_FANTASY_IDOL,IDOL,IDOL,IDOL,IDOL,IDOL,IDOL,IDOL,IDOL,IDOL,IDOL,IDOL,IDOL,IDOL
EFFECT_FANTASY_WEAPON_HIT_PROC_MUSICAL_SLOW,Musical weapon hits have a {0}% chance to slow the hit enemy,Les coups d'arme musicale ont {0}% de chances de ralentir l'ennemi touché,"使用音乐武器命中敌人时,有{0}%概率减速被命中的敌人","音楽武器で敵に命中した時,{0}%の確率で命中した敵を減速させる",음악 무기로 적을 맞히면 {0}% 확률로 맞은 적을 감속시킵니다,"使用音樂武器命中敵人時,有{0}%機率減速被命中的敵人",Попадания музыкальным оружием с шансом {0}% замедляют поражённого врага,Trafienia muzyczną bronią mają {0}% szansy spowolnić trafionego wroga,Los golpes con armas musicales tienen un {0}% de probabilidad de ralentizar al enemigo golpeado,Acertos com armas musicais têm {0}% de chance de desacelerar o inimigo atingido,"Treffer mit Musikwaffen haben eine {0}% Chance, den getroffenen Gegner zu verlangsamen","Müzik silahı isabetleri, vurulan düşmanı {0}% ihtimalle yavaşlatır",I colpi con armi musicali hanno il {0}% di probabilità di rallentare il nemico colpito
EFFECT_FANTASY_WEAPON_HIT_PROC_DROP_MATERIAL,Weapon hits have a {0}% chance to make enemies drop {2} material,Les coups d'arme ont {0}% de chances de faire tomber {2} matériau aux ennemis,"仅武器每次命中敌人时,敌人有{0}%概率掉落{2}个材料","武器で敵に命中した時,{0}%の確率で敵が素材を{2}個落とす",무기로 적을 맞히면 {0}% 확률로 적이 재료 {2}개를 떨어뜨립니다,"僅武器每次命中敵人時,敵人有{0}%機率掉落{2}個材料",Попадания оружием имеют {0}% шанс заставить врага уронить {2} материал,"Trafienia bronią mają {0}% szansy, by wróg upuścił {2} materiał",Los golpes con armas tienen un {0}% de probabilidad de hacer que el enemigo suelte {2} material,Acertos com armas têm {0}% de chance de fazer inimigos soltarem {2} material,"Waffentreffer haben eine {0}% Chance, Gegner {2} Material fallen zu lassen","Silah isabetleri, düşmanların {2} malzeme düşürmesi için {0}% ihtimal verir",I colpi con le armi hanno il {0}% di probabilità di far lasciare al nemico {2} materiale
EFFECT_FANTASY_MUSIC_OVERRIDE_TRACK_ON_SELECT,Play mysterious BGM,Joue une BGM mystérieuse,播放神秘BGM,神秘的なBGMを再生,신비한 BGM 재생,播放神秘BGM,Воспроизводит загадочную BGM,Odtwarza tajemnicze BGM,Reproduce una BGM misteriosa,Toca uma BGM misteriosa,Spielt geheimnisvolle BGM,Gizemli bir BGM çalar,Riproduce una BGM misteriosa
EFFECT_FANTASY_CLOCK_TOWER_AREA,Center clockwork area: radius {0}. Structures spawn on its edge. Inside: Structure Attack Speed {1}% ({2}). Enemies/projectiles inside: speed {3}% ({4}). Outside: structures cannot attack.,Center clockwork area: radius {0}. Structures spawn on its edge. Inside: Structure Attack Speed {1}% ({2}). Enemies/projectiles inside: speed {3}% ({4}). Outside: structures cannot attack.,地图中心: 半径{0}时钟机关区.构筑物生成在区域边缘.区域内: 构筑物攻速{1}%({2}).敌人/敌弹速度{3}%({4}).区域外: 构筑物无法攻击,Center clockwork area: radius {0}. Structures spawn on its edge. Inside: Structure Attack Speed {1}% ({2}). Enemies/projectiles inside: speed {3}% ({4}). Outside: structures cannot attack.,Center clockwork area: radius {0}. Structures spawn on its edge. Inside: Structure Attack Speed {1}% ({2}). Enemies/projectiles inside: speed {3}% ({4}). Outside: structures cannot attack.,地圖中心: 半徑{0}時鐘機關區.構築物生成在區域邊緣.區域內: 構築物攻速{1}%({2}).敵人/敵彈速度{3}%({4}).區域外: 構築物無法攻擊,Center clockwork area: radius {0}. Structures spawn on its edge. Inside: Structure Attack Speed {1}% ({2}). Enemies/projectiles inside: speed {3}% ({4}). Outside: structures cannot attack.,Center clockwork area: radius {0}. Structures spawn on its edge. Inside: Structure Attack Speed {1}% ({2}). Enemies/projectiles inside: speed {3}% ({4}). Outside: structures cannot attack.,Center clockwork area: radius {0}. Structures spawn on its edge. Inside: Structure Attack Speed {1}% ({2}). Enemies/projectiles inside: speed {3}% ({4}). Outside: structures cannot attack.,Center clockwork area: radius {0}. Structures spawn on its edge. Inside: Structure Attack Speed {1}% ({2}). Enemies/projectiles inside: speed {3}% ({4}). Outside: structures cannot attack.,Center clockwork area: radius {0}. Structures spawn on its edge. Inside: Structure Attack Speed {1}% ({2}). Enemies/projectiles inside: speed {3}% ({4}). Outside: structures cannot attack.,Center clockwork area: radius {0}. Structures spawn on its edge. Inside: Structure Attack Speed {1}% ({2}). Enemies/projectiles inside: speed {3}% ({4}). Outside: structures cannot attack.,Center clockwork area: radius {0}. Structures spawn on its edge. Inside: Structure Attack Speed {1}% ({2}). Enemies/projectiles inside: speed {3}% ({4}). Outside: structures cannot attack.
EFFECT_FANTASY_CLOCK_TOWER_AREA_RADIUS,Center clockwork area: radius {0}.,Center clockwork area: radius {0}.,地图中心: 半径{0}时钟机关区,Center clockwork area: radius {0}.,Center clockwork area: radius {0}.,地圖中心: 半徑{0}時鐘機關區,Center clockwork area: radius {0}.,Center clockwork area: radius {0}.,Center clockwork area: radius {0}.,Center clockwork area: radius {0}.,Center clockwork area: radius {0}.,Center clockwork area: radius {0}.,Center clockwork area: radius {0}.
EFFECT_FANTASY_CLOCK_TOWER_AREA_STRUCTURE_SPAWN,Structures spawn on the area edge.,Structures spawn on the area edge.,构筑物生成在区域边缘,Structures spawn on the area edge.,Structures spawn on the area edge.,構築物生成在區域邊緣,Structures spawn on the area edge.,Structures spawn on the area edge.,Structures spawn on the area edge.,Structures spawn on the area edge.,Structures spawn on the area edge.,Structures spawn on the area edge.,Structures spawn on the area edge.
EFFECT_FANTASY_CLOCK_TOWER_AREA_STRUCTURE_ATTACK_SPEED,Inside: Structure Attack Speed {0}% ({1}).,Inside: Structure Attack Speed {0}% ({1}).,你在区域内: 构筑物攻速{0}%({1}),Inside: Structure Attack Speed {0}% ({1}).,Inside: Structure Attack Speed {0}% ({1}).,你在區域內: 構築物攻速{0}%({1}),Inside: Structure Attack Speed {0}% ({1}).,Inside: Structure Attack Speed {0}% ({1}).,Inside: Structure Attack Speed {0}% ({1}).,Inside: Structure Attack Speed {0}% ({1}).,Inside: Structure Attack Speed {0}% ({1}).,Inside: Structure Attack Speed {0}% ({1}).,Inside: Structure Attack Speed {0}% ({1}).
EFFECT_FANTASY_CLOCK_TOWER_AREA_ENEMY_SLOW,Inside enemies/projectiles: speed {0}% ({1}).,Inside enemies/projectiles: speed {0}% ({1}).,区域内: 敌人/敌弹速度{0}%({1}),Inside enemies/projectiles: speed {0}% ({1}).,Inside enemies/projectiles: speed {0}% ({1}).,區域內: 敵人/敵彈速度{0}%({1}),Inside enemies/projectiles: speed {0}% ({1}).,Inside enemies/projectiles: speed {0}% ({1}).,Inside enemies/projectiles: speed {0}% ({1}).,Inside enemies/projectiles: speed {0}% ({1}).,Inside enemies/projectiles: speed {0}% ({1}).,Inside enemies/projectiles: speed {0}% ({1}).,Inside enemies/projectiles: speed {0}% ({1}).
EFFECT_FANTASY_CLOCK_TOWER_AREA_STRUCTURE_DISABLED,Outside: structures cannot attack.,Outside: structures cannot attack.,你在区域外: 构筑物无法攻击,Outside: structures cannot attack.,Outside: structures cannot attack.,你在區域外: 構築物無法攻擊,Outside: structures cannot attack.,Outside: structures cannot attack.,Outside: structures cannot attack.,Outside: structures cannot attack.,Outside: structures cannot attack.,Outside: structures cannot attack.,Outside: structures cannot attack.
ITEM_FANTASY_HEALING_STAR,Sanctuary Star,Étoile sacrée,圣愈星,聖癒星,성유성,聖癒星,Звезда святилища,Gwiazda Uzdrowienia,Estrella del Santuario,Estrela do Santuário,Heiligtum-Stern,Kutsal Şifa Yıldızı,Stella del Santuario
EFFECT_FANTASY_PET_HEALING_STAR,"Summons a Sanctuary Star that collects fruit, crates, and souls. Stores fruit healing and restores missing health.","Invoque une Étoile sacrée qui ramasse fruits, caisses et âmes. Stocke le soin des fruits et restaure les PV manquants.",召唤圣愈星拾取水果、箱子和魂。储存水果治疗量，并在生命未满时恢复生命。,聖癒星を召喚してフルーツ、木箱、ソウルを拾得する。フルーツの回復量を蓄え、減少したHPを回復する。,"과일, 상자, 영혼을 수집하는 성유성을 소환합니다. 과일 회복량을 저장하고 부족한 체력을 회복합니다.",召喚聖癒星拾取水果、箱子和魂。儲存水果治療量，並在生命未滿時恢復生命。,"Призывает Звезду святилища, собирающую фрукты, ящики и души. Запасает лечение фруктов и восполняет недостающее здоровье.","Przywołuje Gwiazdę Uzdrowienia zbierającą owoce, skrzynie i dusze. Magazynuje leczenie z owoców i uzupełnia brakujące zdrowie.","Invoca una Estrella del Santuario que recoge frutas, cajas y almas. Almacena su curación y restaura la salud que falte.","Invoca uma Estrela do Santuário que coleta frutas, caixas e almas. Armazena a cura das frutas e recupera a vida perdida.","Beschwört einen Heiligtum-Stern, der Früchte, Kisten und Seelen sammelt. Speichert Fruchtheilung und stellt fehlende LP wieder her.","Meyve, sandık ve ruh toplayan Kutsal Şifa Yıldızı çağırır. Meyve iyileştirmesini depolar ve eksik canı yeniler.","Evoca una Stella del Santuario che raccoglie frutta, casse e anime. Accumula la cura della frutta e ripristina la salute mancante."
FANTASY_HEALING_STAR_NAME,Sanctuary Star,Étoile sacrée,圣愈星,聖癒星,성유성,聖癒星,Звезда святилища,Gwiazda Uzdrowienia,Estrella del Santuario,Estrela do Santuário,Heiligtum-Stern,Kutsal Şifa Yıldızı,Stella del Santuario
FANTASY_HEALING_STAR_BEHAVIOUR_DESCRIPTION,"Collects fruit, crates, and souls. Stores fruit healing and restores missing health.","Ramasse fruits, caisses et âmes. Stocke le soin des fruits et restaure les PV manquants.",拾取水果、箱子和魂。储存水果治疗量，并在生命未满时恢复生命。,フルーツ、木箱、ソウルを拾得する。フルーツの回復量を蓄え、減少したHPを回復する。,"과일, 상자, 영혼을 수집합니다. 과일 회복량을 저장하고 부족한 체력을 회복합니다.",拾取水果、箱子和魂。儲存水果治療量，並在生命未滿時恢復生命。,"Собирает фрукты, ящики и души. Запасает лечение фруктов и восполняет недостающее здоровье.","Zbiera owoce, skrzynie i dusze. Magazynuje leczenie z owoców i uzupełnia brakujące zdrowie.","Recoge frutas, cajas y almas. Almacena su curación y restaura la salud que falte.","Coleta frutas, caixas e almas. Armazena a cura das frutas e recupera a vida perdida.","Sammelt Früchte, Kisten und Seelen. Speichert Fruchtheilung und stellt fehlende LP wieder her.","Meyve, sandık ve ruh toplar. Meyve iyileştirmesini depolar ve eksik canı yeniler.","Raccoglie frutta, casse e anime. Accumula la cura della frutta e ripristina la salute mancante."
WEAPON_FANTASY_BLAZING_PATH,Blazing Path,Voie ardente,炽炎之道,燃え盛る道,타오르는 길,熾炎之道,Пылающий путь,Płonąca Ścieżka,Senda ardiente,Caminho flamejante,Flammenpfad,Alevli Yol,Sentiero ardente
WEAPON_FANTASY_EARTHSHATTER,Earthshatter,Fracture terrestre,大地崩坏,大地崩壊,대지 붕괴,大地崩壞,Сокрушение земли,Rozdarcie Ziemi,Fractura terrestre,Ruptura da Terra,Erdspalter,Yeryüzü Yıkımı,Frantumaterra
WEAPON_FANTASY_MYRIAD_FLOURISH,Myriad Flourish,Floraison universelle,万物繁荣,万物繁栄,만물번영,萬物繁榮,Расцвет всего сущего,Rozkwit Wszechrzeczy,Florecimiento universal,Florescimento universal,Gedeihen aller Dinge,Her Şeyin Bereketi,Fioritura universale
WEAPON_FANTASY_FROSTSPRAY,Frostspray,Gerbe de givre,冰屑飞溅,氷片飛沫,서리 파편,冰屑飛濺,Морозные брызги,Lodowy Rozprysk,Salpicadura helada,Rajada gélida,Frostspritzer,Buz Püskürtüsü,Spruzzo gelido
WEAPON_FANTASY_MYRIAD_WINDBLADES,Myriad Windblades,Mille lames du vent,御风千切,御風千切,바람의 천검,御風千切,Тысяча ветряных клинков,Tysiąc Ostrzy Wiatru,Mil hojas de viento,Mil lâminas de vento,Tausend Windklingen,Bin Rüzgâr Bıçağı,Mille lame del vento
WEAPON_FANTASY_CROSS_STAFF,Cross Staff,Bâton cruciforme,十字圣杖,十字聖杖,십자 성스태프,十字聖杖,Крестовый посох,Kostur Krzyża,Bastón de la Cruz,Cajado da Cruz,Kreuzstab,Haç Asası,Bastone della Croce
EFFECT_FANTASY_MYRIAD_FLOURISH_1,"Hits unleash {0} tracking petal darts, dealing {1} of the hit's actual damage and slowing enemies by {2}","Les coups libèrent {0} pétales traqueurs, infligeant {1} des dégâts réels du coup et ralentissant de {2}",命中时绽放 {0} 片追踪飞叶，造成命中实际伤害的 {1} 并减速敌人 {2},命中時に{0}枚の追尾花弁を放ち、命中時の実ダメージの{1}を与え、敵を{2}減速させる,적중 시 유도 꽃잎 {0}개를 방출하여 명중 실제 피해의 {1}만큼 피해를 주고 적을 {2} 감속시킴,命中時綻放 {0} 片追蹤飛葉，造成命中實際傷害的 {1} 並減速敵人 {2},"Попадания выпускают {0} самонаводящихся лепестка, нанося {1} от фактического урона попадания и замедляя врагов на {2}","Trafienia uwalniają {0} samonaprowadzające płatki, zadając {1} rzeczywistych obrażeń trafienia i spowalniając wrogów o {2}","Los impactos desatan {0} pétalos rastreadores, causando {1} del daño real del impacto y ralentizando a los enemigos un {2}","Acertos liberam {0} pétalas teleguiadas, causando {1} do dano real do acerto e desacelerando inimigos em {2}","Treffer entfesseln {0} zielsuchende Blütenblätter, die {1} des tatsächlichen Trefferschadens verursachen und Gegner um {2} verlangsamen","İsabetler {0} güdümlü taç yaprak saçar, isabetin gerçek hasarının {1} kadar hasar verir ve düşmanları {2} yavaşlatır","I colpi scatenano {0} petali a ricerca, infliggendo il {1} del danno effettivo del colpo e rallentando i nemici del {2}"
EFFECT_FANTASY_MYRIAD_FLOURISH_2,"Hits unleash {0} tracking petal darts, dealing {1} of the hit's actual damage and slowing enemies by {2}","Les coups libèrent {0} pétales traqueurs, infligeant {1} des dégâts réels du coup et ralentissant de {2}",命中时绽放 {0} 片追踪飞叶，造成命中实际伤害的 {1} 并减速敌人 {2},命中時に{0}枚の追尾花弁を放ち、命中時の実ダメージの{1}を与え、敵を{2}減速させる,적중 시 유도 꽃잎 {0}개를 방출하여 명중 실제 피해의 {1}만큼 피해를 주고 적을 {2} 감속시킴,命中時綻放 {0} 片追蹤飛葉，造成命中實際傷害的 {1} 並減速敵人 {2},"Попадания выпускают {0} самонаводящихся лепестка, нанося {1} от фактического урона попадания и замедляя врагов на {2}","Trafienia uwalniają {0} samonaprowadzające płatki, zadając {1} rzeczywistych obrażeń trafienia i spowalniając wrogów o {2}","Los impactos desatan {0} pétalos rastreadores, causando {1} del daño real del impacto y ralentizando a los enemigos un {2}","Acertos liberam {0} pétalas teleguiadas, causando {1} do dano real do acerto e desacelerando inimigos em {2}","Treffer entfesseln {0} zielsuchende Blütenblätter, die {1} des tatsächlichen Trefferschadens verursachen und Gegner um {2} verlangsamen","İsabetler {0} güdümlü taç yaprak saçar, isabetin gerçek hasarının {1} kadar hasar verir ve düşmanları {2} yavaşlatır","I colpi scatenano {0} petali a ricerca, infliggendo il {1} del danno effettivo del colpo e rallentando i nemici del {2}"
EFFECT_FANTASY_MYRIAD_FLOURISH_3,"Hits unleash {0} tracking petal darts, dealing {1} of the hit's actual damage and slowing enemies by {2}","Les coups libèrent {0} pétales traqueurs, infligeant {1} des dégâts réels du coup et ralentissant de {2}",命中时绽放 {0} 片追踪飞叶，造成命中实际伤害的 {1} 并减速敌人 {2},命中時に{0}枚の追尾花弁を放ち、命中時の実ダメージの{1}を与え、敵を{2}減速させる,적중 시 유도 꽃잎 {0}개를 방출하여 명중 실제 피해의 {1}만큼 피해를 주고 적을 {2} 감속시킴,命中時綻放 {0} 片追蹤飛葉，造成命中實際傷害的 {1} 並減速敵人 {2},"Попадания выпускают {0} самонаводящихся лепестков, нанося {1} от фактического урона попадания и замедляя врагов на {2}","Trafienia uwalniają {0} samonaprowadzających płatków, zadając {1} rzeczywistych obrażeń trafienia i spowalniając wrogów o {2}","Los impactos desatan {0} pétalos rastreadores, causando {1} del daño real del impacto y ralentizando a los enemigos un {2}","Acertos liberam {0} pétalas teleguiadas, causando {1} do dano real do acerto e desacelerando inimigos em {2}","Treffer entfesseln {0} zielsuchende Blütenblätter, die {1} des tatsächlichen Trefferschadens verursachen und Gegner um {2} verlangsamen","İsabetler {0} güdümlü taç yaprak saçar, isabetin gerçek hasarının {1} kadar hasar verir ve düşmanları {2} yavaşlatır","I colpi scatenano {0} petali a ricerca, infliggendo il {1} del danno effettivo del colpo e rallentando i nemici del {2}"
EFFECT_FANTASY_MYRIAD_FLOURISH_4,"Hits unleash {0} tracking petal darts, dealing {1} of the hit's actual damage and slowing enemies by {2}","Les coups libèrent {0} pétales traqueurs, infligeant {1} des dégâts réels du coup et ralentissant de {2}",命中时绽放 {0} 片追踪飞叶，造成命中实际伤害的 {1} 并减速敌人 {2},命中時に{0}枚の追尾花弁を放ち、命中時の実ダメージの{1}を与え、敵を{2}減速させる,적중 시 유도 꽃잎 {0}개를 방출하여 명중 실제 피해의 {1}만큼 피해를 주고 적을 {2} 감속시킴,命中時綻放 {0} 片追蹤飛葉，造成命中實際傷害的 {1} 並減速敵人 {2},"Попадания выпускают {0} самонаводящихся лепестков, нанося {1} от фактического урона попадания и замедляя врагов на {2}","Trafienia uwalniają {0} samonaprowadzających płatków, zadając {1} rzeczywistych obrażeń trafienia i spowalniając wrogów o {2}","Los impactos desatan {0} pétalos rastreadores, causando {1} del daño real del impacto y ralentizando a los enemigos un {2}","Acertos liberam {0} pétalas teleguiadas, causando {1} do dano real do acerto e desacelerando inimigos em {2}","Treffer entfesseln {0} zielsuchende Blütenblätter, die {1} des tatsächlichen Trefferschadens verursachen und Gegner um {2} verlangsamen","İsabetler {0} güdümlü taç yaprak saçar, isabetin gerçek hasarının {1} kadar hasar verir ve düşmanları {2} yavaşlatır","I colpi scatenano {0} petali a ricerca, infliggendo il {1} del danno effettivo del colpo e rallentando i nemici del {2}"
EFFECT_FANTASY_FROSTSPRAY_1,Hits spray {0} ice shards forward in a cone dealing {1} damage,Les coups projettent {0} éclats de glace en cône infligeant {1} de dégâts,命中时顺行进方向扇面喷射 {0} 枚碎冰，造成 {1} 伤害,命中時に進行方向の扇形に{0}個の氷片を放ち、{1}のダメージを与える,명중 시 진행 방향 부채꼴로 서리 파편 {0}개를 분사하여 {1} 피해를 줌,命中時順行進方向扇面噴射 {0} 枚碎冰，造成 {1} 傷害,При попадании выпускает веером {0} осколков льда с уроном {1},Trafienia wyrzucają {0} odłamków lodu w stożku zadając {1} obrażeń,Al impactar lanza {0} esquirlas de hielo en cono causando {1} de daño,Acertos lançam {0} estilhaços de gelo em cone causando {1} de dano,Treffer sprühen {0} Eissplitter im Fächer nach vorn mit {1} Schaden,İsabetler ileriye doğru koni şeklinde {0} buz kıymığı püskürterek {1} hasar verir,I colpi sparano {0} schegge di ghiaccio a ventaglio infliggendo {1} danni
EFFECT_FANTASY_FROSTSPRAY_2,Hits spray {0} ice shards forward in a cone dealing {1} damage,Les coups projettent {0} éclats de glace en cône infligeant {1} de dégâts,命中时顺行进方向扇面喷射 {0} 枚碎冰，造成 {1} 伤害,命中時に進行方向の扇形に{0}個の氷片を放ち、{1}のダメージを与える,명중 시 진행 방향 부채꼴로 서리 파편 {0}개를 분사하여 {1} 피해를 줌,命中時順行進方向扇面噴射 {0} 枚碎冰，造成 {1} 傷害,При попадании выпускает веером {0} осколков льда с уроном {1},Trafienia wyrzucają {0} odłamków льда в stożku zadając {1} obrażeń,Al impactar lanza {0} esquirlas de hielo en cono causando {1} de daño,Acertos lançam {0} estilhaços de gelo em cone causando {1} de dano,Treffer sprühen {0} Eissplitter im Fächer nach vorn mit {1} Schaden,İsabetler ileriye doğru koni şeklinde {0} buz kıymığı püskürterek {1} hasar verir,I colpi sparano {0} schegge di ghiaccio a ventaglio infliggendo {1} danni
EFFECT_FANTASY_FROSTSPRAY_3,Hits spray {0} ice shards forward in a cone dealing {1} damage,Les coups projettent {0} éclats de glace en cône infligeant {1} de dégâts,命中时顺行进方向扇面喷射 {0} 枚碎冰，造成 {1} 伤害,命中時に進行方向の扇形に{0}個の氷片を放ち、{1}のダメージを与える,명중 시 진행 방향 부채꼴로 서리 파편 {0}개를 분사하여 {1} 피해를 줌,命中時順行進方向扇面噴射 {0} 枚碎冰，造成 {1} 傷害,При попадании выпускает веером {0} осколков льда с уроном {1},Trafienia wyrzucają {0} odłamków lodu w stożku zadając {1} obrażeń,Al impactar lanza {0} esquirlas de hielo en cono causando {1} de daño,Acertos lançam {0} estilhaços de gelo em cone causando {1} de dano,Treffer sprühen {0} Eissplitter im Fächer nach vorn mit {1} Schaden,İsabetler ileriye doğru koni şeklinde {0} buz kıymığı püskürterek {1} hasar verir,I colpi sparano {0} schegge di ghiaccio a ventaglio infliggendo {1} danni
EFFECT_FANTASY_FROSTSPRAY_4,Hits spray {0} ice shards forward in a cone dealing {1} damage,Les coups projettent {0} éclats de glace en cône infligeant {1} de dégâts,命中时顺行进方向扇面喷射 {0} 枚碎冰，造成 {1} 伤害,命中時に進行方向の扇形に{0}個の氷片を放ち、{1}のダメージを与える,명중 시 진행 방향 부채꼴로 서리 파편 {0}개를 분사하여 {1} 피해를 줌,命中時順行進方向扇面噴射 {0} 枚碎冰，造成 {1} 傷害,При попадании выпускает веером {0} осколков льда с уроном {1},Trafienia wyrzucają {0} odłamków lodu w stożku zadając {1} obrażeń,Al impactar lanza {0} esquirlas de hielo en cono causando {1} de daño,Acertos lançam {0} estilhaços de gelo em cone causando {1} de dano,Treffer sprühen {0} Eissplitter im Fächer nach vorn mit {1} Schaden,İsabetler ileriye doğru koni şeklinde {0} buz kıymığı püskürterek {1} hasar verir,I colpi sparano {0} schegge di ghiaccio a ventaglio infliggendo {1} danni
EFFECT_FANTASY_MYRIAD_WINDBLADES_1,"Pierced enemies retain wind force, taking {0} wind slices, each dealing {1} damage","Une force du vent subsiste dans les ennemis transpercés, qui subissent {0} entailles infligeant chacune {1} dégâts",被穿透的敌人体内残留风劲，受到 {0} 次风切，每次造成 {1} 伤害,貫通された敵に風の力が残り、{0}回の風切りを受け、1回につき{1}ダメージを受ける,"관통된 적의 몸속에 바람의 힘이 남아 {0}회의 바람 베기를 받고, 회당 {1} 피해를 입음",被穿透的敵人體內殘留風勁，受到 {0} 次風切，每次造成 {1} 傷害,"В пронзенных врагах остается сила ветра, и они получают {0} ударов, наносящих по {1} урона","W przebitych wrogach pozostaje siła wiatru, zadając {0} cięć po {1} obrażeń","La fuerza del viento permanece en los enemigos atravesados, que sufren {0} cortes de {1} de daño cada uno","A força do vento permanece nos inimigos perfurados, que sofrem {0} cortes de {1} de dano cada",In durchdrungenen Gegnern verbleibt Windkraft und verursacht {0} Schnitte mit je {1} Schaden,Delinen düşmanlarda rüzgar gücü kalır ve her biri {1} hasar veren {0} kesik oluşturur,"La forza del vento permane nei nemici trapassati, infliggendo {0} tagli da {1} danni ciascuno"
EFFECT_FANTASY_MYRIAD_WINDBLADES_2,"Pierced enemies retain wind force, taking {0} wind slices, each dealing {1} damage","Une force du vent subsiste dans les ennemis transpercés, qui subissent {0} entailles infligeant chacune {1} dégâts",被穿透的敌人体内残留风劲，受到 {0} 次风切，每次造成 {1} 伤害,貫通された敵に風の力が残り、{0}回の風切りを受け、1回につき{1}ダメージを受ける,"관통된 적의 몸속에 바람의 힘이 남아 {0}회의 바람 베기를 받고, 회당 {1} 피해를 입음",被穿透的敵人體內殘留風勁，受到 {0} 次風切，每次造成 {1} 傷害,"В пронзенных врагах остается сила ветра, и они получают {0} ударов, наносящих по {1} урона","W przebitych wrogach pozostaje siła wiatru, zadając {0} cięć po {1} obrażeń","La fuerza del viento permanece en los enemigos atravesados, que sufren {0} cortes de {1} de daño cada uno","A força do vento permanece nos inimigos perfurados, que sofrem {0} cortes de {1} de dano cada",In durchdrungenen Gegnern verbleibt Windkraft und verursacht {0} Schnitte mit je {1} Schaden,Delinen düşmanlarda rüzgar gücü kalır ve her biri {1} hasar veren {0} kesik oluşturur,"La forza del vento permane nei nemici trapassati, infliggendo {0} tagli da {1} danni ciascuno"
EFFECT_FANTASY_MYRIAD_WINDBLADES_3,"Pierced enemies retain wind force, taking {0} wind slices, each dealing {1} damage","Une force du vent subsiste dans les ennemis transpercés, qui subissent {0} entailles infligeant chacune {1} dégâts",被穿透的敌人体内残留风劲，受到 {0} 次风切，每次造成 {1} 伤害,貫通された敵に風の力が残り、{0}回の風切りを受け、1回につき{1}ダメージを受ける,"관통된 적의 몸속에 바람의 힘이 남아 {0}회의 바람 베기를 받고, 회당 {1} 피해를 입음",被穿透的敵人體內殘留風勁，受到 {0} 次風切，每次造成 {1} 傷害,"В пронзенных врагах остается сила ветра, и они получают {0} ударов, наносящих по {1} урона","W przebitych wrogach pozostaje siła wiatru, zadając {0} cięć po {1} obrażeń","La fuerza del viento permanece en los enemigos atravesados, que sufren {0} cortes de {1} de daño cada uno","A força do vento permanece nos inimigos perfurados, que sofrem {0} cortes de {1} de dano cada",In durchdrungenen Gegnern verbleibt Windkraft und verursacht {0} Schnitte mit je {1} Schaden,Delinen düşmanlarda rüzgar gücü kalır ve her biri {1} hasar veren {0} kesik oluşturur,"La forza del vento permane nei nemici trapassati, infliggendo {0} tagli da {1} danni ciascuno"
EFFECT_FANTASY_MYRIAD_WINDBLADES_4,"Pierced enemies retain wind force, taking {0} wind slices, each dealing {1} damage","Une force du vent subsiste dans les ennemis transpercés, qui subissent {0} entailles infligeant chacune {1} dégâts",被穿透的敌人体内残留风劲，受到 {0} 次风切，每次造成 {1} 伤害,貫通された敵に風の力が残り、{0}回の風切りを受け、1回につき{1}ダメージを受ける,"관통된 적의 몸속에 바람의 힘이 남아 {0}회의 바람 베기를 받고, 회당 {1} 피해를 입음",被穿透的敵人體內殘留風勁，受到 {0} 次風切，每次造成 {1} 傷害,"В пронзенных врагах остается сила ветра, и они получают {0} ударов, наносящих по {1} урона","W przebitych wrogach pozostaje siła wiatru, zadając {0} cięć po {1} obrażeń","La fuerza del viento permanece en los enemigos atravesados, que sufren {0} cortes de {1} de daño cada uno","A força do vento permanece nos inimigos perfurados, que sofrem {0} cortes de {1} de dano cada",In durchdrungenen Gegnern verbleibt Windkraft und verursacht {0} Schnitte mit je {1} Schaden,Delinen düşmanlarda rüzgar gücü kalır ve her biri {1} hasar veren {0} kesik oluşturur,"La forza del vento permane nei nemici trapassati, infliggendo {0} tagli da {1} danni ciascuno"
EFFECT_FANTASY_CROSS_STAFF_1,Calls down holy light to strike the nearest enemy and {0} other random enemy across the field (100% direct hit),Fait descendre la lumière sacrée pour frapper l'ennemi le plus proche et {0} autre ennemi aléatoire sur le terrain (coup direct absolu à 100%),降临圣光打击最近的 1 名敌人与全场随机另外 {0} 名敌人（100% 绝对命中）,聖なる光を降臨させ、最も近い敵1体と全マップのランダムな他の敵{0}体を攻撃する（必中）,성스러운 빛을 내리쬐어 가장 가까운 적 1명과 전장의 무작위 다른 적 {0}명을 공격합니다 (절대 명중),降臨聖光打擊最近的 1 名敵人與全場隨機另外 {0} 名敵人（100% 絕對命中）,"Призывает священный свет, поражающий ближайшего врага и еще {0} случайного врага на поле (100% попадание)","Zsyła święte światło, by uderzyć w najbliższego wroga oraz {0} innego losowego wroga na planszy (100% trafienia)",Hace descender luz sagrada para golpear al enemigo más cercano y a {0} enemigo aleatorio en el campo (100% impacto),Faz descer luz sagrada para golpear o inimigo mais próximo e {0} outro inimigo aleatório no campo (100% acerto),"Lässt heiliges Licht herabfahren, um den nächsten Gegner und {0} weiteren zufälligen Gegner auf dem Feld zu treffen (100% Treffer)",Kutsal ışık indirerek en yakın 1 düşmana ve alandaki rastgele diğer {0} düşmana saldırır (100% kesin isabet),Fa scendere la luce sacra per colpire il nemico più vicino e {0} altro nemico casuale sul campo (100% colpo diretto)
EFFECT_FANTASY_CROSS_STAFF_2,Calls down holy light to strike the nearest enemy and {0} other random enemies across the field (100% direct hit),Fait descendre la lumière sacrée pour frapper l'ennemi le plus proche et {0} autres ennemis aléatoires sur le terrain (coup direct absolu à 100%),降临圣光打击最近的 1 名敌人与全场随机另外 {0} 名敌人（100% 绝对命中）,聖なる光を降臨させ、最も近い敵1体と全マップのランダムな他の敵{0}体を攻撃する（必中）,성스러운 빛을 내리쬐어 가장 가까운 적 1명과 전장의 무작위 다른 적 {0}명을 공격합니다 (절대 명중),降臨聖光打擊最近的 1 名敵人與全場隨機另外 {0} 名敵人（100% 絕對命中）,"Призывает священный свет, поражающий ближайшего врага и еще {0} случайных врагов на поле (100% попадание)","Zsyła święte światło, by uderzyć w najbliższego wroga oraz {0} innych losowych wrogów na planszy (100% trafienia)",Hace descender luz sagrada para golpear al enemigo más cercano y a {0} otros enemigos aleatorios en el campo (100% impacto),Faz descer luz sagrada para golpear o inimigo mais próximo e {0} outros inimigos aleatórios no campo (100% acerto),"Lässt heiliges Licht herabfahren, um den nächsten Gegner und {0} weitere zufällige Gegner auf dem Feld zu treffen (100% Treffer)",Kutsal ışık indirerek en yakın 1 düşmana ve alandaki rastgele diğer {0} düşmana saldırır (100% kesin isabet),Fa scendere la luce sacra per colpire il nemico più vicino e {0} altri nemici casuali sul campo (100% colpo diretto)
EFFECT_FANTASY_CROSS_STAFF_3,Calls down holy light to strike the nearest enemy and {0} other random enemies across the field (100% direct hit),Fait descendre la lumière sacrée pour frapper l'ennemi le plus proche et {0} autres ennemis aléatoires sur le terrain (coup direct absolu à 100%),降临圣光打击最近的 1 名敌人与全场随机另外 {0} 名敌人（100% 绝对命中）,聖なる光を降臨させ、最も近い敵1体と全マップのランダムな他の敵{0}体を攻撃する（必中）,성스러운 빛을 내리쬐어 가장 가까운 적 1명과 전장의 무작위 다른 적 {0}명을 공격합니다 (절대 명중),降臨聖光打擊最近的 1 名敵人與全場隨機另外 {0} 名敵人（100% 絕對命中）,"Призывает священный свет, поражающий ближайшего врага и еще {0} случайных врагов на поле (100% попадание)","Zsyła święte światło, by uderzyć w najbliższego wroga oraz {0} innych losowych wrogów na planszy (100% trafienia)",Hace descender luz sagrada para golpear al enemigo más cercano y a {0} otros enemigos aleatorios en el campo (100% impacto),Faz descer luz sagrada para golpear o inimigo mais próximo e {0} outros inimigos aleatórios no campo (100% acerto),"Lässt heiliges Licht herabfahren, um den nächsten Gegner und {0} weitere zufällige Gegner auf dem Feld zu treffen (100% Treffer)",Kutsal ışık indirerek en yakın 1 düşmana ve alandaki rastgele diğer {0} düşmana saldırır (100% kesin isabet),Fa scendere la luce sacra per colpire il nemico più vicino e {0} altri nemici casuali sul campo (100% colpo diretto)
EFFECT_FANTASY_CROSS_STAFF_4,Calls down holy light to strike the nearest enemy and {0} other random enemies across the field (100% direct hit),Fait descendre la lumière sacrée pour frapper l'ennemi le plus proche et {0} autres ennemis aléatoires sur le terrain (coup direct absolu à 100%),降临圣光打击最近的 1 名敌人与全场随机另外 {0} 名敌人（100% 绝对命中）,聖なる光を降臨させ、最も近い敵1体と全マップのランダムな他の敵{0}体を攻撃する（必中）,성스러운 빛을 내리쬐어 가장 가까운 적 1명과 전장의 무작위 다른 적 {0}명을 공격합니다 (절대 명중),降臨聖光打擊最近的 1 名敵人與全場隨機另外 {0} 名敵人（100% 絕對命中）,"Призывает священный свет, поражающий ближайшего врага и еще {0} случайных врагов на поле (100% попадание)","Zsyła święte światło, by uderzyć w najbliższego wroga oraz {0} innych losowych wrogów na planszy (100% trafienia)",Hace descender luz sagrada para golpear al enemigo más cercano y a {0} otros enemigos aleatorios en el campo (100% impacto),Faz descer luz sagrada para golpear o inimigo mais próximo e {0} outros inimigos aleatórios no campo (100% acerto),"Lässt heiliges Licht herabfahren, um den nächsten Gegner und {0} weitere zufällige Gegner auf dem Feld zu treffen (100% Treffer)",Kutsal ışık indirerek en yakın 1 düşmana ve alandaki rastgele diğer {0} düşmana saldırır (100% kesin isabet),Fa scendere la luce sacra per colpire il nemico più vicino e {0} altri nemici casuali sul campo (100% colpo diretto)
